0.319310599490,0.521193693059,0.059461219744
0.168122677414,0.786401508806,1.025126144097
0.091123284818,0.784598140616,1.416245885506
0.240899256938,0.824369773907,1.156661359170
0.277123689190,0.644479761324,0.195303777471
0.108186471624,0.658787897338,0.465853918695
0.106826218781,0.695274151718,0.895826608532
0.237512951082,0.636990717543,0.785984679216
0.224534840982,0.518352235373,0.286608208510
0.166865807846,0.680109891988,0.650293216085
0.200809546954,0.609910955009,0.393097919574
0.283493472712,0.450714822944,-0.504569720441
0.163333095708,0.756943043695,0.896216776747
0.133149041812,0.742789724790,1.239123406887
0.211776275509,0.504135671470,0.203359320014
0.150231751893,0.671760011044,0.620348054216
0.265064075836,0.462878910664,-0.384081313357
0.243101287513,0.686075121174,0.221495394990
0.144216899029,0.749422579158,1.284895041699
0.251341965502,0.777939225835,0.729097059144
0.175494721486,0.500685048586,0.280617333146
0.214152783196,0.673664708038,0.961095368909
0.232939258853,0.542736848178,-0.006956248433
0.138707580104,0.535991565300,0.506239845232
0.109753862396,0.809639197157,1.227408578117
0.204949913226,0.637085710456,0.339993918004
0.155121761236,0.678373515422,1.095594933727
0.171536429812,0.527396184957,-0.310025693830
0.199481336453,0.632423079788,0.927560837692
0.159415388352,0.729840839406,0.917668390378
0.231449639830,0.590500943704,-0.162607386221
0.183576216430,0.798373136623,1.226128995473
0.122427811725,0.576952075717,0.308729730856
0.079981472291,0.824217726410,1.283768821690
0.303276080947,0.503491393037,-0.423520347207
0.232185303359,0.605419321487,-0.176448153967
0.159744527115,0.376276583918,-0.474541328378
0.252218502052,0.675810414218,0.850941504573
0.235951005856,0.575445457990,0.645755979621
0.073409894833,0.676956283687,0.408338397303
0.258988275058,0.508448022803,-0.417462120684
0.224044237351,0.570524373485,0.505793480939
0.195615540949,0.498833702246,0.013412515526
0.261517782773,0.673469280738,0.536521763716
0.215402024526,0.425985813409,-0.405941022589
0.141601129031,0.565101216034,0.734152019082
0.113585398987,0.623938602006,0.650129541573
0.207491241807,0.471577609609,-0.608280154479
0.114003139864,0.662700877111,0.763618636688
0.202320023076,0.870770994874,1.295098455484
0.241788445174,0.814493946153,1.080795209175
0.082182262143,0.754040044274,1.489873819488
0.107380845505,0.833492664041,1.321974882650
0.159302573773,0.787187492093,1.093946141279
0.184908345329,0.601957748981,0.100779743214
0.274174794868,0.667954619620,0.651151496966
0.175498938285,0.707753029585,0.431030028299
0.255295058167,0.424886145142,-0.138692535939
0.200492634431,0.562051954448,0.139062421648
0.278716587147,0.541902161299,-0.454906067715
0.218392739182,0.632568327710,0.382081815668
0.089401412439,0.842404618441,1.464643804623
0.166661478474,0.480941947159,-0.276097494127
0.258976973373,0.504017102385,-0.307240419031
0.110435903193,0.797944806756,0.934733198456
0.278104629429,0.661596692679,0.624887090088
0.157335586056,0.550540039198,0.434865798988
0.190065731231,0.372535933302,-0.343625855658
0.213578071297,0.490184535708,-0.110798698521
0.174863869151,0.743396017613,1.296435745229
0.285230656541,0.539147650351,0.250386206064
0.127394434128,0.587799162425,0.430075189814
0.176644580148,0.482315883919,-0.622212041273
0.132524601501,0.470516716615,0.143458662225
0.296652732222,0.567876452596,0.353742430321
0.129988531269,0.623584348919,0.644695473188
0.126924437209,0.665932547853,1.309828080725
0.191098892833,0.583991288005,0.707108793032
0.235501366435,0.679367788722,0.840593960797
0.237565463336,0.565723703942,-0.172068940555
0.267713401863,0.734897589575,0.888725297920
0.161366815242,0.705263753290,1.054244306958
0.206094845888,0.749518961890,0.590038101964
0.117854263656,0.648002569241,0.231430604502
0.114069608684,0.550468786187,-0.165998737115
0.244901394092,0.706544774766,0.543276905302
0.285039992542,0.643814074318,0.591880540538
0.183653010819,0.843736793134,1.403281699668
0.096327459559,0.659582976375,0.396919153292
0.166795898364,0.733558138507,0.518277239525
0.117190173199,0.566452277248,0.436672457129
0.086677215733,0.768151522389,1.061485491475
0.246227921324,0.505911018664,-0.454966276072
0.157694077909,0.730983872290,0.699118627592
0.281277326452,0.659687202359,0.955224026285
0.228027767694,0.688398767852,0.890139032592
0.104108001912,0.796418340811,1.083177791682
0.241352184273,0.624807672345,0.510788386271
0.216747098241,0.739638703210,1.393383841564
0.159183732686,0.447156845216,-0.258595481810
0.259165618350,0.570732388497,-0.411961131034
0.221073291510,0.755974044097,0.526750832179
0.220771942029,0.549786136478,-0.251507087872
0.107192473715,0.781163826698,1.223395735724
0.306552095460,0.531955266838,0.189839301821
0.244272131512,0.580709914982,-0.097867223405
0.240913429912,0.733588979344,0.377433292822
0.123122264748,0.701512754436,1.320600201318
0.233588878811,0.752233889131,1.212417285082
0.176575240539,0.555217488909,-0.016480367905
0.150072353402,0.481487907436,0.184895775158
0.186366344768,0.582450224760,-0.215470340470
0.246657470376,0.725443126639,1.264160067139
0.275814151579,0.628180044295,0.761719504653
0.148054979227,0.663833414694,0.859066694358
0.142552053990,0.837536266181,1.206420954724
0.175274058720,0.728411818780,1.083956945424
0.206182683105,0.686934913260,0.718728439488
0.122307909856,0.507268356216,0.043899438752
0.120849439841,0.488439759068,-0.198416106769
0.139588452858,0.578286690921,0.181888742231
0.237181869357,0.774806775134,0.791683093903
0.267575406172,0.434889511434,-0.490148392724
0.322503954507,0.389452075400,-0.511306864660
0.150315174574,0.479470120738,0.127313626578
0.121912558430,0.710262938674,0.704629905165
0.130353990735,0.774622446260,1.084517081779
0.271947652069,0.463517629595,-0.038063504233
0.160897128264,0.509084913812,-0.167892124553
0.262339234899,0.584583107182,-0.222280338962
0.153650506529,0.753349756400,1.379748745095
0.319579845222,0.478831837110,-0.218109471186
0.273127245427,0.514064126968,0.162743282368
0.209773595897,0.743797890426,0.654567747783
0.213522141813,0.361018894796,-0.602281113053
0.234166682131,0.857836964875,1.264315000769
0.235972834438,0.797638447632,1.401629660691
0.288880132922,0.631365674851,0.537966086018
0.218170702831,0.548915486022,-0.325187119518
0.192189518517,0.465917080300,0.178466810205
0.182430944996,0.726578529487,0.809749795040
0.259929843306,0.457608538920,-0.202823705588
0.171379281365,0.591401397050,0.551145138150
0.294647736198,0.516739015250,-0.098330424061
0.224013928954,0.876588999605,1.292370264068
0.162441892986,0.779256899698,0.753298251804
0.198423711483,0.521021681387,-0.012849375778
0.219143631569,0.419713803788,-0.262814699030
0.247876098737,0.681495574494,1.004684816906
0.178702434643,0.671035629462,0.941800426560
0.174877300432,0.778169143236,0.955876916260
0.174508089006,0.861501428716,1.269807910135
0.137869142057,0.708207109441,0.652094428144
0.244126366750,0.564287172186,0.578263949824
0.261854858259,0.521002991517,-0.239779552559
0.234993222615,0.646587960497,0.791952364251
0.102534630850,0.696704881763,1.240133726860
0.147398641611,0.764055821921,1.186999406056
0.193341344057,0.718536922277,1.332925043540
0.278144647095,0.735593350237,1.087369017005
0.234570741963,0.757328469112,0.582748832334
0.262990998190,0.673410937276,0.350947447977
0.167882522464,0.714525875743,1.130255398680
0.212773258048,0.748837615026,1.465235967256
0.256321726866,0.753863269707,0.656647101786
0.236350706730,0.585020973817,0.185386431789
0.127350547991,0.572237955212,0.185151356259
0.098312073602,0.758343802524,1.157536522874
0.290454182774,0.480775515569,-0.077087383480
0.089530666381,0.721921472920,0.978186109695
0.264691523951,0.655602268971,0.170666138647
0.131309432273,0.799125949264,0.981710505577
0.118607442148,0.738349478595,1.034498356081
0.216276218199,0.776928423122,0.904964531479
0.151358778147,0.679532454735,0.759222469161
0.126235603787,0.607632997340,0.421983885093
0.159405406536,0.740196500258,1.125898864427
0.166490267454,0.780284306567,0.776352093443
0.289148865206,0.615859840635,0.392642533468
0.330927000912,0.427205083042,-0.407183863991
0.271506947643,0.569517373140,0.105589935204
0.246610485436,0.641747040966,0.851120928770
0.197521486640,0.535711717700,0.458272266768
0.260288573685,0.666247993031,0.045432431496
0.159363413052,0.578229611678,0.700366614743
0.299100985909,0.521945232093,-0.249010635090
0.262085389844,0.556760925357,-0.169047800060
0.107158872109,0.770718634711,0.914895737590
0.225660675833,0.399095090451,-0.370188289502
0.293327505071,0.574259290844,0.090648868021
0.139499614314,0.763677684934,0.710632692940
0.261726645049,0.478396380897,-0.276819070647
0.089765326250,0.778722992114,0.966919637214
0.093700185080,0.827643042805,1.326749830724
0.281303359923,0.764169263542,1.385478048741
0.170050274941,0.699340362245,1.285649453226
0.257654160177,0.677086138012,0.690192015827
0.098984024700,0.764003286612,1.220102359450
0.144900583803,0.655394577391,0.894911369190
0.149617093002,0.691783943850,0.799320159972
0.128127912054,0.502231245998,-0.420368535063
0.210385204842,0.532514769634,0.317333137010
0.175505026964,0.590460114171,0.077818582394
0.289238239378,0.501945246406,0.156656615545
0.303772037894,0.451178707384,-0.293320214240
0.111661189215,0.657633242110,1.058047609892
0.155361642986,0.635015851966,0.443004272437
0.160021727604,0.769771626583,0.714881561504
0.134145749840,0.762102224374,0.737730451763
0.162965067029,0.590108730779,0.210363633489
0.264341174107,0.549389302326,0.412265607547
0.131686467304,0.661247275318,0.207154134625
0.245953550814,0.599346833667,0.468286289565
0.187836097534,0.834021418063,1.402011601551
0.289730623985,0.517332729669,0.155085184253
0.171485484040,0.508491448169,-0.587885421194
0.185378209028,0.780097892715,1.244543120186
0.232464509570,0.814276946961,1.091750776744
0.115492014754,0.611859248648,0.047621265159
0.198293286784,0.667531889167,0.768868344814
0.147470687179,0.551497367429,0.194760802745
0.239040067617,0.607695730696,-0.072520107694
0.206483285706,0.549414640669,-0.191035653533
0.188228079101,0.683866596665,0.358281110869
0.273503602485,0.537876147694,-0.335329188511
0.085042634873,0.676362599847,0.747463566930
0.190268515295,0.690781262750,0.883555938228
0.180428355309,0.814021995391,1.282629134914
0.145118443708,0.611038889802,0.094766477814
0.159876198074,0.533599982029,-0.037291618190
0.150662782709,0.618439174131,0.151871962300
0.197823024228,0.758951729830,1.167094870772
0.189158540895,0.732180414061,1.167285271360
0.178122730894,0.668107983162,0.240643833613
0.174586930245,0.405566366136,-0.497550744441
0.170550297217,0.463392594143,-0.523891353307
0.275404331279,0.538887692901,-0.197197744467
0.277149633103,0.662655974743,0.601137664705
0.204268026580,0.586690093308,-0.291807637277
0.247391059629,0.611782275476,-0.057181837361
0.224310944181,0.558678160313,-0.472967421043
0.167919861749,0.681036328281,0.617341309497
0.170647868042,0.485225485401,-0.516205982810
0.239262575476,0.748172228918,1.108698457679
0.186651302479,0.564967752433,0.020871203709
0.153935702224,0.769642124243,1.021335517203
0.263464316939,0.655306820359,0.591402303301
0.186594391953,0.410821157692,-0.370397588302
0.134645669132,0.553751872816,0.499892320973
0.242976643031,0.712165370804,0.785443478372
0.201381848587,0.522624756276,-0.123747800511
0.268435660741,0.749739929267,1.039011967407
0.259770504888,0.698293551572,0.573526902935
0.103683327804,0.680011638103,0.523586131823
0.217153741942,0.608181851894,0.683114044113
0.180707640032,0.648942951762,0.719285121156
0.269349829600,0.589383599633,-0.015291978080
0.213723051314,0.725576159124,1.026001956690
0.108633345379,0.849072561694,1.193231070506
0.115962750198,0.694115032398,0.931779424075
0.184988110480,0.798047603672,0.819843224230
0.273517815690,0.665634544584,0.445823326585
0.190556753261,0.847667105954,1.038293340644
0.277635727213,0.656479798664,0.693947755624
0.168712393853,0.516548812012,0.026451103899
0.192646813205,0.730121729734,0.541091244863
0.152979237195,0.612637880294,0.159265733496
0.162599967299,0.444045994548,-0.473659438074
0.250816091324,0.634314598538,0.619080425142
0.158005658486,0.656253497480,1.127620013736
0.169201806554,0.751090002943,1.290591324084
0.230697107333,0.627338800225,0.756931140485
0.244093216872,0.490693538437,-0.323672043076
0.145006665295,0.477040537197,0.298104984616
0.213808392374,0.547129932435,-0.399741430185
0.145270054018,0.510997128389,-0.194222715769
0.262811914872,0.699824554683,0.457431613222
0.193410930235,0.552198999019,-0.148241148696
0.252044552465,0.667957094200,0.466604210182
0.168489716668,0.539283225202,0.402446852932
0.162375517602,0.663646344851,1.122573934501
0.255983965375,0.742238717627,0.935440381163
0.238462639613,0.767803100954,1.298354304597
0.136627641381,0.514233695904,0.021408368553
0.139970974244,0.587035701674,0.007937189896
0.084119860293,0.686127458784,0.881904721740
0.232123884285,0.715434676793,1.251767761226
0.157416918274,0.842250741161,1.396823754602
0.130621019049,0.580732806689,0.723741312079
0.254356702784,0.600538257595,0.142515572758
0.185446944281,0.687360103448,0.684581016141
0.247046348559,0.774881491352,1.032477335168
0.240372447509,0.704146087015,0.743238266449
0.236798271391,0.586640710652,-0.302434376653
0.204840066709,0.539740703773,0.100598205971
0.200084614352,0.882140110155,1.401358081776
0.097285371346,0.620677444275,0.253377999779
0.207989627103,0.617674200664,0.637271918757
0.216136892756,0.522386947390,0.426924041167
0.319364447838,0.472167274589,-0.053315000323
0.229038671059,0.460198007075,-0.195259386518
0.183507295765,0.690421093693,0.388691103448
0.079069219775,0.751128433599,1.328734932074
0.083716454103,0.597175614217,0.135508744722
0.124095755995,0.573636107118,0.823280815009
0.168403215243,0.391767613359,-0.188149244168
0.264037229858,0.528436200492,-0.484443223080
0.216194360763,0.574889834847,-0.301694676394
0.243498633294,0.431902142689,-0.238129532798
0.175951019464,0.577255369881,0.096132027116
0.196262823713,0.653383412093,0.427862350492
0.075159244020,0.760871493571,1.046553985286
0.096125951105,0.774654181349,1.147685862306
0.117220824939,0.612629524941,0.710639613261
0.225910591925,0.825897302225,1.207197164352
0.171258897354,0.729807143066,0.703634866101
0.196396113766,0.737337604925,0.710987586716
0.101169831245,0.653471096716,0.513851217546
0.184221807328,0.703755954561,1.125508624271
0.267821637179,0.566537855162,-0.462764039069
0.173407277037,0.710149905969,1.090149185501
0.299810698873,0.531102024688,-0.225880549329
0.224939753714,0.530678232885,-0.373390455424
0.228487426757,0.437317929484,-0.427994835253
0.219556396057,0.495638050005,-0.407514369991
0.220058282350,0.637463922768,0.399845630930
0.280844116187,0.559760999558,0.328778355765
0.125332278390,0.873139492412,1.315434406767
0.253611802131,0.408721011158,-0.353936872780
0.123941784358,0.521672797564,0.197173511604
0.077093528789,0.797592331238,1.479896970761
0.171348509540,0.661616544765,0.207500155885
0.261732402054,0.680386814684,1.117913005911
0.230533801502,0.632519408090,0.481579277747
0.118790071406,0.820892121376,1.249627370894
0.076564999675,0.804253055516,1.211457047115
0.160238166381,0.679124224111,1.016487776386
0.268403082627,0.577748927796,-0.439141084668
0.123304060446,0.816918967819,1.390368338662
0.127516415747,0.654675800944,0.539982733773
0.188512444863,0.537839349811,-0.134499575680
0.211078787569,0.691360219483,1.232076830916
0.262198337574,0.621430825822,-0.066297558824
0.204532624804,0.427710758031,-0.170551718585
0.154425290299,0.732891902938,0.795851048958
0.117647548950,0.836104239367,1.269467706794
0.305382295324,0.589819386510,0.504632145974
0.132393339270,0.542339754606,0.293147023210
0.248845279883,0.447783095033,-0.593321409190
0.232164017029,0.698033928434,0.589779249659
0.214718595426,0.843984163328,1.252230604032
0.215414650297,0.781931760626,1.287515104631
0.240406451103,0.812689367562,1.291815591079
0.268413844592,0.452011655166,-0.176133811428
0.141672885338,0.738580341666,0.690363843893
0.178176126271,0.591168428105,0.312225652590
0.268678533953,0.624784855399,0.148642446492
0.160592947056,0.380158821661,-0.470416453529
0.125333360536,0.696819943645,1.108135715158
0.271280150643,0.700985766337,0.850863662608
0.293542783292,0.457501484017,-0.387214963659
0.107030165553,0.701669383026,1.284257528648
0.214647933147,0.722382871442,1.040964988671
0.198782674678,0.519430192869,-0.003219227381
0.198255728397,0.677283323550,1.052263536381
0.191513777635,0.706820681793,0.425509678302
0.239911911656,0.370602792410,-0.589933948901
0.213908504744,0.701539938646,0.340487155631
0.151805622488,0.610481308792,0.359850704563
0.163015148716,0.499484864125,-0.031692434044
0.130904103016,0.641969317185,1.093393966135
0.075715172652,0.736522048008,0.917458095585
0.142289956466,0.591128531398,0.566828579220
0.148310190193,0.553074485840,0.416635623527
0.168502027567,0.631760551685,0.435701259793
0.175829456898,0.482183578412,0.001142846337
0.194779545947,0.630433779541,0.574405904899
0.284480800825,0.668865271023,0.928183091073
0.166607831233,0.641638494441,0.063460385861
0.176726811138,0.691991284311,0.533684391350
0.218685818960,0.556625717858,-0.378914997599
0.174842704346,0.604275049726,0.918181134475
0.198797199644,0.691795489338,1.237280921833
0.129018418262,0.668279084778,0.653330042402
0.257104084614,0.788576040927,1.373377455232
0.279923817225,0.574094044495,-0.231658737637
0.197489958481,0.389710660416,-0.537994781680
0.229580087701,0.643737893454,0.259246268517
0.152892946715,0.811814560696,1.303706890351
0.276376554782,0.697433288367,1.186837028506
0.157759483092,0.646304942074,0.447769327216
0.209058173559,0.839963395415,1.316023741620
0.166310321705,0.471884252544,-0.007276612877
0.182582037206,0.577765022814,0.049021633857
0.117757043986,0.676402509204,0.778982237395
0.217068220443,0.781563317831,0.763634161301
0.187302648187,0.415150906475,-0.405534491447
0.157230322927,0.481250142570,-0.006120646995
0.111421291769,0.730882973263,0.607256175406
0.131645161045,0.814324690452,1.272829371756
0.243063151422,0.685493850692,0.159824250767
0.240899549136,0.508497378462,-0.372619950182
0.113538930166,0.632777054350,0.472249468330
0.194317247288,0.666812966155,0.870112867011
0.303128038909,0.519613887703,0.015475201514
0.267181178057,0.747001706914,1.187100689731
0.102260518780,0.850594147713,1.277739600398
0.109494248126,0.739083209416,0.973809006914
0.265731319528,0.587756612181,0.003646319984
0.150873366898,0.697153240025,1.241885303389
0.127384853120,0.751633602277,1.331896159876
0.255217758215,0.784546769760,0.934366782535
0.180592713702,0.844158953048,1.311182110255
0.161062117321,0.550839296103,-0.052063750120
0.160533210436,0.625434406986,0.524420870570
0.115361700856,0.639786637267,1.147547507135
0.213769922172,0.840877976412,1.346110386967
0.208891396326,0.741621450930,0.750598922534
0.240883915613,0.831783870630,1.305192394905
0.272546454048,0.663183198117,0.819708527578
0.158761891754,0.517921814712,-0.439850523537
0.131812988799,0.746700157512,1.122786335944
0.210820988796,0.552666323972,0.153505841672
0.190781534995,0.788397883249,1.267710787993
0.264962176479,0.699991580712,0.381504821779
0.254784464008,0.520624109967,-0.278666680929
0.097649885072,0.875942647968,1.370740680330
0.269896269196,0.380102655314,-0.573116831407
0.157838015438,0.595355720317,0.787026675747
0.129340765760,0.417643953084,-0.335651966298
0.231580870648,0.504997520284,-0.158479868482
0.217714411513,0.597408303696,0.655044405213
0.245597028755,0.770128690789,1.406308962435
0.134114794286,0.764374571150,0.799880776149
0.164893284547,0.709952703109,0.896344178834
0.153605749974,0.477986369430,0.300675204996
0.176827890994,0.487914585194,-0.249697338253
0.245467683453,0.577887516904,-0.198580713853
0.111802695679,0.774868796102,0.895449939199
0.146593807539,0.499771060530,-0.462398119856
0.271984643410,0.575040014945,0.477179206290
0.164585624695,0.446612646596,-0.113949152898
0.198938538559,0.697603644511,0.637988502638
0.201306398062,0.628645511455,0.474300051905
0.228814935669,0.597718166932,0.552445738319
0.101056940403,0.682350686535,1.013848268045
0.079374772634,0.741341622561,1.218882982177
0.106330397073,0.560275354576,-0.145421929537
0.114645472028,0.758833580231,0.799654290026
0.273795711791,0.728450085973,0.916416950634
0.151148375250,0.426902598239,-0.005323411313
0.186061505339,0.824042804025,1.294193950724
0.138589437294,0.672192704422,0.403373849653
0.187397333791,0.628611369113,0.524141419506
0.241718787289,0.474839065981,0.144382018496
0.154097756490,0.596077935596,0.084978753056
0.258099649653,0.543993551009,0.154198151867
0.174635435594,0.742528605770,1.346738743999
0.188091396010,0.590377616789,-0.212801417100
0.257268751874,0.629070148629,0.804718624122
0.093358017858,0.675676178272,0.516461000369
0.132356502281,0.444309806219,-0.397097025887
0.164140226433,0.655497384762,0.444097234608
0.126907314427,0.531565942611,-0.174572281011
0.239744980723,0.414398055894,-0.268880694803
0.079748234636,0.758506866784,1.235673239623
0.120062173835,0.488361594311,-0.406226905382
0.128748385248,0.680178739873,1.371225871733
0.171620137411,0.555526733638,0.114237883783
0.254759480563,0.701983068147,0.192788419485
0.290688722973,0.461704257624,-0.332176707665
0.217251392482,0.516090337739,-0.304132007335
0.124180185124,0.585448154172,0.290307713421
0.159791308191,0.722428942214,0.661797277827
0.317031657101,0.468317651645,-0.187463614093
0.227057525061,0.777956262576,1.463870125585
0.173588351777,0.561794139897,-0.133979475050
0.077728010253,0.717896130464,0.906765036739
0.100015312872,0.662661823747,0.486055879613
0.155472651255,0.706932025703,1.061307260130
0.148835654845,0.475235210736,0.091343867241
0.257025224084,0.417491376220,-0.496080628010
0.218711633481,0.654358647050,0.260310487431
0.297068328748,0.654125056218,0.802579946094
0.143961989412,0.373393980539,-0.341316262875
0.221148472870,0.591277031711,0.726544778562
0.267397723646,0.514785650510,0.241177944823
0.232351462052,0.657088981830,0.695854989504
0.116743020901,0.513752823749,-0.144377551687
0.198929726739,0.480243767152,0.064970359291
0.114765995202,0.816219466362,1.195569105623
0.149227562685,0.752426795000,1.012969448393
0.264462444891,0.522921720730,-0.284782216712
0.199694130975,0.584839844858,0.669527969872
0.223091260639,0.849444638138,1.140004769554
0.139051004759,0.713738258546,0.901446859257
0.170867377829,0.602683562146,0.495404228037
0.208437459556,0.590094909504,-0.267632440707
0.176876697282,0.517148656383,-0.579894456643
0.143510417916,0.617919865476,1.037092865712
0.140333603319,0.539946820298,-0.313010831178
0.158400811311,0.719388282794,0.561258913749
0.227708411609,0.853056550933,1.167956220275
0.224073003012,0.514389197289,-0.483535772329
0.197617563766,0.723050199550,0.758185520352
0.121041727406,0.554285615088,0.415088624324
0.238893763686,0.441544957036,-0.289607568473
0.274990948916,0.411100655806,-0.479553264277
0.103745951918,0.486019339358,-0.488238873502
0.100262189512,0.584557907717,0.010943206935
0.242228273485,0.405537269872,-0.264201704982
0.195506474015,0.529191763995,0.359972429758
0.329144363001,0.433631649524,-0.383725971540
0.061580243642,0.797720505267,1.278554480251
0.257004642826,0.779255469683,1.347580307639
0.117595556976,0.826836827855,1.086666896741
0.212888284857,0.449218225221,-0.166972429134
0.067221813823,0.705327373257,0.625283397226
0.209587220236,0.876902890429,1.159770394867
0.109026851876,0.781697667420,1.414006318796
0.298510790006,0.401322861972,-0.408110474972
0.132208132677,0.551372662338,0.159569829525
0.166939932501,0.712668389749,0.777900343725
0.203067813833,0.751359289530,0.620259267811
0.241687553281,0.679454253354,0.779319580329
0.193997415053,0.771166116810,0.987219817033
0.218455241455,0.684047136255,0.864446232040
0.303270757410,0.560922399560,0.195780329783
0.272129929659,0.561295961395,-0.304924019327
0.112055986332,0.775888763076,0.921871704699
0.172118327967,0.556809303325,0.127233299267
0.138206845541,0.502133796912,-0.421972720445
0.252476253378,0.734145077129,0.928282961460
0.232415998419,0.832367348286,1.226716726855
0.126111231584,0.498863453470,-0.472777913846
0.297457537443,0.485792293103,-0.165832580496
0.295745584710,0.570976585899,0.364451869733
0.155783228395,0.513622441943,0.124274539318
0.314421751778,0.448295912516,-0.427192538188
0.246635067062,0.467713689329,-0.405759510806
0.230745156637,0.714211385779,0.290874562786
0.203480308189,0.434591383392,-0.440098785862
0.219356801018,0.832644370957,1.051348322299
0.250464866280,0.757845625924,1.260298793622
0.309515170047,0.457371606289,-0.248261874544
0.246161302498,0.440606805648,-0.063179752163
0.271061426772,0.640042855012,0.334024500430
0.207957952980,0.911183545925,1.316911940586
0.169557607550,0.631146436318,1.045285714688
0.323597196885,0.447503743434,-0.290575930535
0.159092960208,0.689742614038,1.363016963520
0.244923833535,0.738058812228,1.140141942439
0.148275891611,0.504594433351,0.277104760743
0.229222113886,0.512209104805,-0.268351631932
0.292645675872,0.395326359224,-0.492251093187
0.264683998544,0.515005044958,-0.417163763847
0.109508441947,0.834707279452,1.284951022083
0.180479827004,0.392231634520,-0.291394907072
0.230421597670,0.642014881662,0.224637543249
0.132369382851,0.749266911867,0.743036147358
0.118701489701,0.651530278167,0.699496206709
0.187828423400,0.603733989418,0.216343765196
0.281851327834,0.602096239585,0.285010768849
0.299609055866,0.413527590178,-0.440983813707
0.270299961123,0.594408146700,0.271527792143
0.221504814490,0.639143261498,0.868651565279
0.250925572663,0.720667556996,0.958412349189
0.127130539127,0.569699175001,-0.185178417180
0.157513722934,0.664737397441,1.087795079579
0.270828137291,0.402336985576,-0.476152159014
0.070545278832,0.780724109797,1.274393911459
0.205316393161,0.565020332068,-0.018087387566
0.194187742073,0.408914217234,-0.177153572798
0.253664621114,0.504470621254,0.050165199512
0.206365432288,0.773614034651,1.152086242903
0.205502178122,0.797117460327,1.120813617837
0.146999959771,0.573052206130,0.083573690959
0.154685575830,0.582723295865,-0.185151009178
0.254375453079,0.741241768798,0.540058906938
0.300433557698,0.527945120716,-0.088675344024
0.203896523281,0.486182976402,-0.464446649351
0.249372674872,0.656455897691,0.776151026392
0.127187121085,0.557300756631,0.516531822661
0.289508409798,0.392671029386,-0.494411909728
0.156931770401,0.808887072281,0.963447289692
0.249576844687,0.715636400989,1.321887883874
0.161708137037,0.805615032022,1.007470211848
0.210480665049,0.512922752590,0.105524070430
0.216630937255,0.600470963763,0.179864665938
0.273354380091,0.642766371767,0.141700522434
0.189394510540,0.619854836572,0.374456413720
0.229760770754,0.636450453491,0.635246414317
0.274859908041,0.701026588387,0.710216689266
0.249566677733,0.610342728276,-0.133955886322
0.248296157918,0.806879964377,1.228644660729
0.233809880098,0.752067664663,0.877545896880
0.191249257270,0.449406646879,-0.291320297132
0.157622553450,0.764788386873,1.142674019528
0.210055536463,0.519654775087,-0.463833486141
0.114772876283,0.717264617747,0.729426183424
0.247625685333,0.487786386272,-0.244084701698
0.196253432714,0.529884419441,0.010288597751
0.270791335446,0.468836980933,0.052546932084
0.180778286299,0.439009902018,-0.494176029496
0.192373646333,0.651856335241,0.292245896829
0.100345394139,0.809669313022,1.020953054635
0.160794046646,0.708304045857,0.771059415267
0.229687630818,0.692788766198,0.429706497873
0.245677058703,0.598735819400,0.627524246637
0.299067620951,0.493919012472,-0.456785191187
0.224294322646,0.661208671321,0.568451039226
0.067108075071,0.873350944058,1.457142865261
0.273636862129,0.452529275870,-0.095336048342
0.117125586518,0.681280249698,0.553658434373
0.194745978443,0.680481885985,1.121565476312
0.274964532369,0.734254524552,1.026092183055
0.252309094194,0.538202817878,0.154227621592
0.145672110013,0.587528418515,0.164018780574
0.265328235314,0.812023835685,1.382933875714
0.189745360855,0.592843583937,-0.152471682970
0.177091109754,0.478363511888,-0.099507203439
0.245274412855,0.413772186872,-0.184665807762
0.149892433082,0.543883146519,0.453125027073
0.203623414105,0.480675712164,-0.031006558486
0.253822364723,0.705014961891,0.445891282591
0.251242774614,0.445869363744,-0.361245913921
0.247209128028,0.667378555307,0.187255046122
0.132257524845,0.703278589611,0.443069745548
0.257293222524,0.750898863498,0.952681088241
0.184277313670,0.776869435201,0.938766126214
0.242378516235,0.582932293232,-0.048679755431
0.104951839244,0.478710849027,-0.517666682927
0.159517802011,0.578428391041,-0.085761077006
0.128988867421,0.571134575817,0.211879905042
0.305254925220,0.413123554358,-0.572292579865
0.115345457918,0.582496288551,0.444315992894
0.240334370633,0.783767805973,1.162591964348
0.115035904277,0.791606539297,1.258418420600
0.163581072912,0.464810290840,-0.070265516013
0.185202859951,0.905650357762,1.374163839362
0.184505469942,0.527076402983,-0.531269280021
0.309798770855,0.528315471499,0.044734348459
0.134507786114,0.663868460875,1.103313947852
0.111347317310,0.470611990513,-0.254415091531
0.175349954135,0.591504918525,0.253222388369
0.157687242738,0.526673402548,0.132437007377
0.109759151256,0.773425093237,1.034440182527
0.099231484770,0.770341814965,0.845449529098
0.196265013080,0.597248397788,0.208103901121
0.230317681935,0.386356697117,-0.575985653009
0.122963859435,0.647547966982,0.844586014555
0.169542849880,0.591768964582,0.187299950146
0.199268045704,0.703029952103,1.067440402792
0.229199559857,0.594366504562,0.580870805841
0.070466404158,0.828124544927,1.356597525141
0.212632593885,0.692120519012,1.254175531515
0.258045214494,0.673255785492,0.274432754527
0.154769422031,0.373433218017,-0.552888903575
0.339451648435,0.419198818749,-0.348360789936
0.187475697949,0.615827440823,0.048378490392
0.296895467107,0.629527795364,0.697621441460
0.169305716723,0.611661203091,0.743912831280
0.181512245942,0.707799764022,0.506838069084
0.183618808286,0.521422640233,-0.169326162240
0.242811102405,0.773257164408,1.166781933539
0.238431887935,0.801283379991,0.802118633291
0.213571210196,0.480249663315,0.111412043306
0.190940500506,0.809238136081,1.030191582133
0.270898950459,0.395544090515,-0.445598257538
0.194516835791,0.420557743321,-0.428818460172
0.107581553780,0.594917765676,0.502668030243
0.138993682482,0.851361339274,1.332825357778
0.324909516836,0.475309081150,-0.216480170697
0.123246295809,0.704093921265,0.490376313146
0.180740535528,0.476287326700,-0.516073934361
0.183420428756,0.462288380914,-0.279192076813
0.151213691367,0.431043973663,-0.404312223125
0.268077253354,0.748286713981,1.330022617622
0.145044459946,0.478055908225,0.330528793968
0.212970710978,0.496206982153,-0.331796792766
0.131325907244,0.695747601842,0.731508709477
0.188748296448,0.697248455830,0.378488813968
0.242535838847,0.510816522097,0.248888134464
0.184242542055,0.785889752590,0.872931159318
0.274875764348,0.467561507451,-0.106969382140
0.212007903449,0.537566704376,0.212890860833
0.203401791595,0.533372036032,0.067281688816
0.090212085524,0.602506736054,0.120012439278
0.103675709421,0.554884269568,-0.164183794997
0.155539984838,0.640914762184,0.439441963084
0.193980178099,0.622933363251,0.737740685001
0.301501843684,0.466583686985,-0.371422742170
0.309777993314,0.437344273531,-0.222133527275
0.151200330417,0.544466213005,0.030941330865
0.145429799008,0.758303955621,0.883705606416
0.084780542138,0.605171390497,0.177211586756
0.084242461144,0.649777159886,0.360770641473
0.172527202613,0.689545128087,0.934239679712
0.222195090947,0.476226212908,-0.232926616951
0.171090469065,0.693105436837,0.377527856215
0.095310194646,0.706330667560,0.659067422200
0.249563832398,0.789271497548,1.237121111546
0.313907980160,0.524320927625,0.211705306227
0.109271218972,0.700608685009,1.140100809346
0.243543411412,0.678617831085,0.775201715373
0.070772879609,0.750386536222,0.777626465218
0.169032371105,0.721091901256,0.938620595254
0.269738140342,0.748042262887,1.274414729082
0.138122297495,0.451890367345,-0.023195749816
0.233584857686,0.361499337031,-0.419228362829
0.231223799568,0.551778386243,-0.102463532000
0.261314260762,0.482791791120,-0.481789048060
0.157125511326,0.676154477160,0.828990315733
0.227508495269,0.753770807226,1.092657402467
0.250538355384,0.797403846707,1.269575399044
0.299197286451,0.562008242446,0.453087556030
0.110537238142,0.643815020596,0.439069081798
0.195325808797,0.549098124964,0.009152291121
0.199285616380,0.490794866609,-0.305005066613
0.223926571937,0.731436409314,1.000437995036
0.282990203430,0.415434314608,-0.242369463144
0.194683854857,0.839364416566,1.031497806357
0.104549137765,0.655533551107,1.128472343164
0.121457065545,0.600302357105,0.402510780669
0.157887405179,0.862105876574,1.329601471960
0.277519217847,0.585738212713,0.303628034938
0.307321536093,0.533897070842,-0.067275733979
0.224408052573,0.737426731087,0.682118972006
0.243577240859,0.512704977704,0.179272757665
0.221012326883,0.733302686161,0.564988713248
0.271756176883,0.544656691700,0.273423373894
0.226662225799,0.642273772410,0.678547021312
0.136945013308,0.687590468047,1.269455171205
0.096310022270,0.685554102149,0.532450272697
0.170419581472,0.738485046543,1.268925370455
0.149815279422,0.474680985881,-0.312776656375
0.296825197706,0.424890799408,-0.579227621706
0.215033651782,0.733999170061,0.583892159380
0.171997279521,0.579103799982,0.581453525338
0.189828347200,0.702517354603,1.037311269564
0.119288602788,0.700739487313,1.172782990380
0.219504236198,0.739391154181,1.399096631057
0.265308865850,0.600987323286,0.577725835492
0.162042727778,0.575172585445,0.086432972989
0.137246022719,0.665100817505,1.168030692328
0.142740213091,0.661661059637,0.209961398419
0.160866653680,0.698414991782,0.658444327940
0.141557444610,0.648149255508,0.595073227095
0.196452293836,0.687452810973,0.250295111970
0.120637824869,0.575194244654,-0.180960343480
0.123840235169,0.540858384355,0.261805018487
0.127579115264,0.836168480040,1.195404042117
0.218602921902,0.745707571226,0.815074008064
0.246798859785,0.412035669568,-0.447114203089
0.237964566687,0.612311193941,0.607443356601
0.239837012425,0.511775944908,-0.293792279825
0.070998413938,0.832262174145,1.408811378692
0.076919844662,0.764687010724,1.335052894662
0.235014730701,0.793210895672,0.769027131341
0.196114436296,0.629313269308,0.223554378511
0.144106802383,0.643943378190,0.262550913396
0.131085633728,0.694583875654,1.382535435299
0.100084764053,0.576368335898,-0.150702455273
0.157260135342,0.768507436327,0.747112821222
0.242837709073,0.613162718076,0.411071990214
0.167113799261,0.528423462738,-0.434572706595
0.175246472479,0.568860751416,-0.283926404192
0.198877752629,0.722177648198,1.298531884354
0.087685629508,0.747372066193,1.280335934485
0.224984713836,0.690640346998,1.205224346936
0.174134562346,0.573452502089,0.072830593724
0.293003054202,0.581752385234,0.117975522760
0.229278968159,0.616793898560,0.728490262993
0.102469809701,0.626967123809,0.607861721391
0.197608464358,0.791944456862,1.434842995149
0.207412335986,0.767204106484,0.661112312221
0.222993704086,0.560858045750,-0.216237834716
0.079401031278,0.784043726864,1.083437714908
0.197988169278,0.751050893140,1.121904115056
0.189079159671,0.528610881224,-0.281777456648
0.118069441392,0.703939434591,1.214281722816
0.329650643032,0.405049301825,-0.492644565735
0.134302990211,0.722606442235,1.158993713267
0.107331510248,0.743556850290,1.177398439243
0.185758752892,0.760657095459,1.153918350750
0.203567594897,0.715310213343,0.775150359101
0.209645542315,0.571023377712,0.007412051850
0.187968018013,0.707446762471,0.460200857306
0.218427681711,0.530040464155,-0.163120003997
0.205309206224,0.785893511138,1.129676070784
0.254614228415,0.488860577897,-0.192431171788
0.241666688248,0.628081917878,0.126191799715
0.236035875492,0.683203755768,0.957998991667
0.283318529046,0.609245066414,0.058250102670
0.122722636405,0.619157880599,0.611943311799
0.247147721945,0.491709914342,-0.092802110116
0.182437730320,0.838529674088,1.065409341447
0.257530594706,0.770119967393,0.805498231727
0.186824142493,0.524392593823,0.471398594322
0.217438842855,0.497770857879,-0.013868049556
0.087655862629,0.709568469113,1.195992565469
0.137803403146,0.447589668427,-0.283458853497
0.269945444320,0.594479982292,-0.133222241309
0.278581524067,0.511405627974,0.020491763581
0.261125662757,0.592835523037,0.640162523946
0.148385277464,0.759452567689,0.747769473012
0.230545525653,0.797807609138,1.465965081202
0.270487221983,0.510637313463,-0.282087640643
0.234156570110,0.690357046783,0.961950348090
0.277563228056,0.566453496009,-0.174230109329
0.205498059292,0.582803524670,0.092928422429
0.244138605980,0.814415058037,1.323947478596
0.163489491282,0.556291921045,-0.321104910705
0.306112918386,0.488283449729,-0.022694477417
0.191333910856,0.735587431373,1.119910076601
0.219234975883,0.898070170864,1.271276032887
0.268527443541,0.413643614210,-0.441907388480
0.155152203616,0.733419030853,0.593797069619
0.189653718089,0.613788173430,0.152692691506
0.166668004731,0.669378134924,1.182372152417
0.200182728159,0.373403282445,-0.336695321732
0.160046464693,0.550200989823,-0.256837334160
0.192300332891,0.336400121485,-0.472622336266
0.273413478723,0.495281690237,-0.013375033388
0.294266109581,0.465574501015,-0.142540547615
0.296468492316,0.479051214472,-0.586760058735
0.297061293492,0.447453184903,-0.325873840767
0.217606025375,0.435754493437,-0.361559206943
0.245723516208,0.798143606339,0.789491304572
0.139530049246,0.583534299508,-0.157350134890
0.209486102560,0.817668605456,1.199697015992
0.160259620877,0.484303858573,0.183020470315
0.136009584110,0.818901431739,1.226607817276
0.118856144227,0.511305994960,-0.173678712611
0.283020874372,0.506727337427,0.198981208294
0.159970320219,0.642904471673,0.487041093301
0.229733652822,0.611539062611,0.529375617750
0.170585674038,0.631563237282,0.349617886723
0.109417493533,0.593098875150,0.282012333376
0.227475566303,0.582527871677,0.166533926418
0.225066300714,0.617394391416,0.170380851309
0.208536672287,0.702614937107,0.279179021597
0.202829440093,0.510436792840,0.306243267732
0.163505510892,0.681648682197,0.685459377564
0.146707727814,0.663766919063,1.169891969403
0.219400299042,0.778009110059,0.651584173001
0.221349210622,0.701367410834,0.361059623452
0.278005752474,0.618087913248,-0.018755059038
0.144938624604,0.728558724706,1.097854737485
0.213260207746,0.527738094431,-0.168118326809
0.111169075684,0.643926701577,0.676694354104
0.114738338486,0.609839997323,0.930484604947
0.119350995971,0.759347472690,0.873354328309
0.159670696823,0.637385793280,0.286385840171
0.284319462520,0.413820019970,-0.336410258916
0.129949581950,0.644557992757,1.023706491698
0.273887071615,0.565108411786,0.476012948131
0.255962832855,0.777673290244,0.826814752176
0.124946867839,0.702139783911,0.620422670685
0.192101828132,0.683475733133,0.356713504802
0.087607604517,0.765426121862,1.379678839721
0.083783874974,0.870590968612,1.430272197698
0.277418631139,0.628361923645,0.616815104259
0.159162795871,0.638934863351,0.886898654253
0.262501351187,0.377077450451,-0.576838335040
0.229955831714,0.775434631341,1.169682616495
0.244127343807,0.864518984869,1.414552752122
0.217454212169,0.643393592353,0.147790690284
0.270345325385,0.688078332930,1.150242753464
0.258006436543,0.724483247198,0.675206055274
0.211849230298,0.641914418312,0.371088724024
0.169396705167,0.708752531271,0.495809637196
0.153432007032,0.678502522834,0.914349240142
0.178290567382,0.596344403753,-0.073380242436
0.224708014529,0.685767792791,0.273494153847
0.144751476877,0.699834911804,1.172848666194
0.177973430555,0.694038554655,0.824927041204
0.157041260577,0.649616108499,0.237549654932
0.120801416028,0.468598126259,-0.208293147453
0.255384070454,0.500342238582,0.202365700498
0.100917935748,0.841143070317,1.289502163042
0.224788701129,0.611727996095,0.800841323292
0.271071837838,0.519047206019,0.228341613890
0.154275267343,0.646418981475,0.479632183819
0.184712583193,0.435997420967,-0.358771027036
0.086309711637,0.736414252099,1.359004915481
0.189252010294,0.637894065068,0.641715580980
0.139562133133,0.731036293212,1.071156991989
0.237247085430,0.858677114780,1.205158138863
0.281499591559,0.600431620769,0.091896722615
0.110439995069,0.697253501833,1.086953429958
0.257923611421,0.711477719656,1.248245042614
0.246527103782,0.660561085045,0.798166340448
0.211928318135,0.570489882175,0.651071962933
0.203387932187,0.759518063009,1.241671953119
0.264395715748,0.574996926003,0.300177321094
0.280646067968,0.574393594907,-0.165422076869
0.272910118769,0.665868273275,0.971136830265
0.181425899950,0.766912574880,0.772320091903
0.247726083784,0.633449753518,0.343728145599
0.288386542884,0.492552173734,-0.469558111551
0.175180136613,0.843380509417,1.308157176079
0.218910482960,0.743705962283,0.650967886963
0.319410317297,0.396832936151,-0.521855869520
0.201897259382,0.608798942484,0.396505241551
0.179626871344,0.713637862675,0.527867207320
0.162997858652,0.496814495625,0.140731552896
0.069571574902,0.657201728707,0.362487549872
0.280718254296,0.575129697731,0.384533741324
0.245822073752,0.728659025178,0.604042029650
0.270912539808,0.717631437076,1.225855586744
0.153031980747,0.792101058219,1.077993102093
0.124849074206,0.674459742073,0.938526896300
0.239982566180,0.596442280314,0.596419406830
0.245782166624,0.756375241649,0.637124660374
0.157589765674,0.690668692123,0.849078361609
0.126438085540,0.682748052349,0.473009829783
0.174324935462,0.830946669078,0.995714479620
0.099219186674,0.724011132369,1.312116762093
0.283108763872,0.678858361733,1.055834244723
0.160745444086,0.669400910128,0.698230665139
0.171002997032,0.564687271080,-0.218119316192
0.225180462618,0.554384106304,0.331888988820
0.202339843800,0.436994594223,-0.049793728757
0.218294123896,0.479571854707,-0.231096594825
0.182005778893,0.749936205285,1.008163748431
0.171630534833,0.487479299615,-0.508199719944
0.120592997738,0.507680067131,-0.333302666355
0.291036906218,0.664292826969,0.668841357324
0.261455094122,0.629930952332,0.430347361578
0.139679516352,0.634472540524,0.337314993431
0.294707610847,0.520441499329,0.011535502009
0.236537884373,0.470407068986,-0.445346977339
0.192887902837,0.520687082236,0.067108932153
0.311965151419,0.507033540396,-0.068424671938
0.125700009214,0.451123704655,-0.396206716777
0.192465273091,0.818042246713,0.992437752243
0.218655342518,0.675188909342,0.179084283325
0.118896817839,0.665628179402,1.304313160190
0.255087367483,0.708855396211,0.979194249743
0.052398046886,0.858108067125,1.426583271145
0.080147830687,0.843942520422,1.291494618575
0.152821140872,0.678900646806,0.530966966100
0.242805216130,0.482445149162,0.181279792178
0.213836361955,0.842033433580,1.199202069940
0.177327918738,0.382368231875,-0.369343296766
0.188355357322,0.503589749321,-0.101075678368
0.143338261436,0.462846630402,0.210287275608
0.249408252320,0.615207176681,0.210537091485
0.274628413657,0.752235022602,1.311137248128
0.143064088047,0.590385513494,0.678367685389
0.199862461333,0.563611760166,-0.242196117366
0.220158859319,0.649282007049,0.552249861984
0.208636137840,0.873996324328,1.207898356739
0.240684892397,0.478816307690,-0.350197702942
0.207961970911,0.744229912962,1.410556833840
0.233879214254,0.449713517203,-0.218761944887
0.223298846446,0.794421945774,1.095689930154
0.161108873524,0.617713848525,0.811366324181
0.309505869948,0.562642873657,0.265563043896
0.194579392282,0.503738227284,-0.166858594089
0.104522446247,0.771907501763,0.983201055215
0.168412366539,0.682344431261,1.074688981767
0.218419678664,0.565576835183,0.462438373271
0.203941583638,0.541707392398,0.274522517689
0.151180293750,0.351007432141,-0.531378164397
0.200768509415,0.458566347739,-0.327796066785
0.123631535975,0.791890530458,1.006556893317
0.162744603221,0.582456936365,0.230054542394
0.300677399788,0.540416439638,0.117176880686
0.192456069032,0.625526230210,0.065026162860
0.197121120659,0.694930970081,0.888196827267
0.046232278590,0.842512502871,1.327640002108
0.135091217899,0.553539753553,0.632682465984
0.177433759490,0.773481597367,1.245941698474
0.285756538094,0.455201121179,-0.107682686509
0.115370709638,0.707923128164,1.291315401024
0.151614083538,0.706507883404,0.807284701789
0.269961070544,0.640244498378,0.227010858791
0.131924864760,0.700156641685,1.252892386823
0.267478033572,0.578843935380,-0.131655423139
0.203895343303,0.640274073317,0.532115132502
0.329498706146,0.428567065583,-0.434344910108
0.110836192029,0.568550630463,0.263615753855
0.149458438326,0.562057993637,0.241990104912
0.208430420592,0.523830953479,-0.392371168704
0.150533451085,0.397475008418,-0.502954751064
0.173091023311,0.599475209696,0.098179573890
0.280520945083,0.575780312847,0.183591816186
0.196470468797,0.871529782596,1.355563844269
0.184479887746,0.743517620036,1.338385457240
0.235088727790,0.538387304415,-0.214631700529
0.128866119552,0.527304333795,0.586361499014
0.096374855724,0.680422542099,0.379151110595
0.207601528011,0.537149517587,0.242068588027
0.195518099527,0.720979357134,1.263350485824
0.122005912538,0.645531517964,0.404220630783
0.183412742134,0.638509954005,1.082896857613
0.247615864400,0.772338904928,1.259433439048
0.100766068799,0.713171965040,0.990064978213
0.125607033299,0.561577521084,0.365069570254
0.287764773167,0.394659069583,-0.457442755297
0.266268138971,0.644239315042,0.312505249160
0.259691663949,0.491702133210,-0.228339237368
0.141777684886,0.587310648645,-0.117275385532
0.192714428702,0.429593748628,-0.117952041384
0.275488729704,0.591288838387,0.148933221013
0.163074415956,0.693523051913,1.212668222574
0.252750510123,0.663782773468,0.238657370640
0.222407040995,0.469889254126,-0.152458595539
0.258885838530,0.641134956726,0.941362453616
0.299961949223,0.453604491353,-0.515930988825
0.146482852000,0.488637221767,-0.376926285268
0.143254878099,0.460032307966,-0.485273166453
0.277891847820,0.610926672633,0.306575577198
0.138291891088,0.553939875236,0.741459418169
0.248681555772,0.481725449446,-0.151343776748
0.263422211449,0.680757857612,0.403899757839
0.227708264096,0.784127859764,0.816608567723
0.171094155407,0.835347984959,1.270625688442
0.214917329600,0.752192377938,0.538796850789
0.233827385125,0.704650773579,1.316517083922
0.202260363991,0.676957095841,0.473000472677
0.306481173500,0.379111224373,-0.481805179716
0.121836393856,0.637574445397,0.355825630311
0.168451541754,0.581506389671,0.527397757585
0.250700997770,0.463911913768,-0.236413864323
0.153915437036,0.648356469244,0.730608394287
0.148882592964,0.493375373685,-0.240802275425
0.137796039888,0.533388374987,0.317500082408
0.190918677699,0.750132612860,1.464508097374
0.225130074435,0.581751794531,-0.206962504732
0.313589897796,0.436395999164,-0.321252409627
0.309930242115,0.424537225053,-0.479968382221
0.159148284064,0.374338503119,-0.308048060993
0.227568822183,0.817117332927,1.036894002805
0.244452451784,0.591913507715,0.625852211863
0.175792530322,0.741129535658,0.978931307891
0.192684365555,0.472812053639,-0.293659439804
0.097048287780,0.849906813090,1.342972800300
0.144844622750,0.711247044766,1.213602777937
0.303831890969,0.621532766308,0.658724056817
0.114712105180,0.795580616416,1.232167523798
0.184685335045,0.524708362765,0.197332991434
0.231181544877,0.566144153135,0.482362897624
0.299384142003,0.645822209808,0.714819449070
0.111058247391,0.597979869476,0.055130809598
0.158737544196,0.652286292932,0.733422093325
0.245511428719,0.563628716602,0.363903451197
0.176171048682,0.646384047288,0.927527759265
0.199375599265,0.531605283876,-0.216326755094
0.131595093520,0.760687835685,0.863001649686
0.179035823158,0.502648871813,0.288558488335
0.229891500952,0.545201120181,0.321204320566
0.107167064550,0.713599265549,1.261909626523
0.246379169816,0.445695082393,-0.221260069345
0.198374206671,0.416680624224,-0.373149744639
0.158094345490,0.671783947072,0.212809716141
0.085100814027,0.652360350537,0.431944720250
0.285551167802,0.732525851108,1.314614024629
0.095915521814,0.573174429029,0.014894661668
0.157789973255,0.344408051319,-0.359281057656
0.177635353862,0.865091526554,1.353729344769
0.101453953157,0.667522914336,1.053644522660
0.159029890259,0.530978557424,-0.464841670605
0.248455988089,0.431548519245,-0.323260446947
0.210928222979,0.798416149540,1.145503519115
0.331507137947,0.445051298484,-0.304264923540
0.219125263335,0.677461374231,0.604323359338
0.168633418468,0.573269192649,0.330271731060
0.225911975151,0.463868049695,-0.008640773264
0.271377881130,0.377192734570,-0.402056871300
0.146225593208,0.891421138507,1.365942204159
0.113382642313,0.794724763245,1.316777366268
0.237115651328,0.810546747426,0.849187449737
0.232466441891,0.642767880931,0.750340917826
0.301571405470,0.545215694887,0.309441674513
0.084015021040,0.800483290503,1.401911780714
0.177494214087,0.673102917871,0.824774111259
0.223872771921,0.601344955144,0.415435270619
0.257724877040,0.580674374608,0.091566532360
0.320689011756,0.430950391284,-0.358995122109
0.110940934040,0.746594335624,1.326876746327
0.263116581958,0.655195678067,-0.052097846268
0.156138251849,0.575125464288,-0.092217949777
0.188279141378,0.572987095340,-0.071454365595
0.175038799535,0.607159847664,0.886991241609
0.216755109269,0.800582505020,1.349190714615
0.097468238892,0.683255830345,0.438218435980
0.165983707006,0.584520822733,0.793222070961
0.215232699137,0.578286016539,0.116889690554
0.277014501793,0.477118794052,-0.282346740563
0.215528323692,0.783546075001,0.850153190184
0.257978888952,0.524579070428,0.143878003640
0.267948976995,0.470302671930,-0.415433689004
0.300520276385,0.615611716228,0.474137222939
0.177797433441,0.515657693887,0.462892778368
0.149753231762,0.399871294488,-0.184141145352
0.262435328700,0.512402410876,-0.517307246191
0.096391157487,0.615563195146,0.313422456029
0.276469014309,0.556556366163,0.383465178915
0.274647263064,0.456887457224,-0.439828849035
0.182205083052,0.789196550211,1.108437393547
0.148721270820,0.491562722727,-0.123418060639
0.265238222023,0.408031180171,-0.615974540443
0.155363688387,0.507657206483,-0.041428761121
0.144554107923,0.368106692856,-0.450867831057
0.192228784416,0.767851178355,1.073471877894
0.126482922656,0.744098254977,0.937741585021
0.144200915772,0.584536299946,-0.084270037275
0.243483959007,0.523465783372,-0.439935620501
0.246537467513,0.693119743723,0.224976247162
0.248545244856,0.743688869941,0.806901525594
0.213239634541,0.644993009657,0.787024914183
0.284715223424,0.562548966362,-0.221761115335
0.244493457311,0.722794892285,0.868783230601
0.100336579862,0.794474929848,1.429044397715
0.207029335703,0.663205394221,0.514529340567
0.226888106171,0.558924781973,0.334363685839
0.181857439497,0.411806824507,-0.471849064208
0.185355347505,0.508897929628,0.381604535386
0.076965541887,0.719212122081,0.822674229101
0.294361684953,0.434424321665,-0.263195181567
0.135278914163,0.661694892182,0.781728023788
0.310999878744,0.424381648137,-0.544866306938
0.211045920297,0.641581088374,0.230517471695
0.139966533165,0.843318985616,1.213495171600
0.128938072023,0.611640251065,0.312881660743
0.184970551577,0.509593701469,-0.415777710972
0.149366484488,0.509959668720,-0.475203168211
0.281187603762,0.562092041181,-0.303049024002
0.127612781944,0.644156757481,0.426110979636
0.083965916515,0.755221669157,0.826475019618
0.135063048775,0.424203543698,-0.383575186917
0.112349545758,0.749495367075,1.014000980246
0.276848157128,0.713887982342,0.892496961192
0.329387216573,0.440181113341,-0.386360223824
0.217226790448,0.534960610122,0.157097085392
0.233473071321,0.593479199670,0.279648827718
0.257794249199,0.555800983185,0.381161148845
0.285585913178,0.621893553507,0.439558841125
0.187243621660,0.708003165471,0.395660810800
0.190876837181,0.372373453908,-0.402337826193
0.181680914244,0.608746787779,0.190999446798
0.156244550960,0.429107058682,-0.525632556449
0.151586215394,0.659271169234,0.319260080926
0.226648544813,0.758484959479,1.124282740897
0.133874384743,0.804117922819,0.977811589685
0.295043557610,0.506611211984,-0.012704231516
0.152455346965,0.712420644941,0.911439001331
0.201913350450,0.592642359409,0.071457755107
0.096046675554,0.617076905462,0.506237374016
0.191256061920,0.368357004794,-0.339656796243
0.267173098751,0.663213578033,0.569597085648
0.199720521448,0.585480712482,-0.075923073212
0.215942886032,0.620345461419,0.085130133788
0.252895704926,0.526192671972,-0.318930882639
0.123234671133,0.710784208373,1.152542759954
0.224888377680,0.693769176653,0.263615939605
0.144130480316,0.688102361279,0.802046376859
0.124556069406,0.653953545161,0.977513183866
0.183025575262,0.506766359144,-0.071879153660
0.180689285717,0.505899607178,-0.071337768720
0.148437738319,0.562810588020,0.243879430921
0.153843847254,0.538338932799,0.361168757209
0.145857065637,0.831694899570,1.333869168989
0.130257249205,0.755365669397,1.240395568479
0.293561031713,0.539225494967,0.281993192725
0.251854987260,0.521208503339,-0.506704493425
0.252662080562,0.547904469432,-0.279402165809
0.261839706680,0.628604864982,-0.201958603454
0.198664371857,0.602891035895,-0.015294542328
0.147108903279,0.703948348738,1.011391920805
0.117561867849,0.816012328342,1.305938338775
0.149005282661,0.349853439152,-0.441966201362
0.139551691359,0.533690484288,0.539138956273
0.125877365657,0.636757099994,1.069274183017
0.177290150974,0.482568155946,0.274313686724
0.251978406037,0.602380755591,0.577933965033
0.287458967553,0.560615204587,0.028101357406
0.206099055780,0.679709214936,0.743904832595
0.251422182994,0.417482537244,-0.273326841372
0.108773005196,0.683897304716,1.006588221528
0.142349518052,0.788842517678,1.057362831194
0.219578423595,0.569177734369,-0.106213583505
0.137753356736,0.601895349513,0.728369470142
0.170545096472,0.643482482108,1.114316716470
0.116899141949,0.642801401722,0.393966573373
0.172985655887,0.559136250173,0.622038780776
0.267461140993,0.440885336090,-0.258571509150
0.271261967419,0.664133216871,0.402846977253
0.223432760692,0.865183085766,1.133050209576
0.094032484448,0.631740261628,0.288909860828
0.180069933780,0.683259698968,0.310893404887
0.259660760093,0.633429406434,-0.087285773040
0.243841985320,0.497255511663,-0.377992462667
0.225243222767,0.614785817531,0.734731066474
0.236736457075,0.621250709901,0.479061685674
0.200448436746,0.490249932881,-0.305358655185
0.147815719414,0.655345699584,0.903191992699
0.281124119621,0.492337788988,-0.159965234819
0.284235496720,0.565331279437,0.197038568672
0.119770702126,0.666108438233,0.488305780226
0.164085446306,0.574909496653,0.786174310874
0.257655135186,0.702510133175,0.639359062343
0.126286572006,0.636544168162,1.061053590743
0.253819562182,0.591964727430,0.099583414058
0.122975801598,0.643759840263,0.376629933902
0.225376721242,0.812884109447,0.834440935980
0.223427778924,0.708870970282,0.452734397566
0.123032521742,0.774784857200,0.867148292185
0.244017404632,0.607855395682,0.042760258923
0.251352188499,0.604052031325,0.545702559837
0.300081890104,0.527918514839,-0.128937033923
0.141860139194,0.510213580072,0.421230975524
0.237940389862,0.837112653612,1.095126621741
0.101417115917,0.538953261984,-0.254906417412
0.289316531522,0.533939176906,-0.184025081656
0.158775731617,0.705007017105,0.961178811289
0.215333255370,0.602521250768,0.624176448355
0.191754245140,0.757154493847,0.979480071290
0.130259549579,0.836197991394,1.326000543466
0.275739754238,0.762045119079,1.384399987841
0.093545011519,0.760665551028,1.382896637204
0.162296570102,0.705136796045,0.566405094857
0.204626559464,0.519001867422,-0.362306658136
0.149557645239,0.739843225153,0.975365075473
0.204599106297,0.716285249226,0.463838899245
0.141828699834,0.726283216420,0.877607088702
0.192669492839,0.498113562800,0.275254450933
0.165406571240,0.567170635962,-0.307343728370
0.140939042155,0.884896631453,1.389595032484
0.222592244710,0.802115499256,1.234746128007
0.064595926271,0.771716787890,1.025712711457
0.260397777462,0.539237355536,0.307586798045
0.102134304553,0.527381975227,-0.062019355924
0.190274639262,0.441893279695,0.069187731200
0.144062351864,0.604546474118,0.724223327302
0.103378643177,0.529952192879,-0.093659299671
0.174305261019,0.727600892075,1.017577991321
0.296451169753,0.392323470859,-0.592623700858
0.221986335269,0.676089181120,0.287979874439
0.193690400179,0.781684535918,0.834839110810
0.207522320902,0.676603483649,0.876561489016
0.142315183885,0.616625891499,0.354611185123
0.164413871967,0.784438436095,0.836614614814
0.273724300752,0.602929985384,0.168110907743
0.229169249752,0.641628103876,-0.061321428592
0.108040198670,0.645412977415,1.029667106939
0.216585629020,0.699413779641,0.820467345922
0.252149627930,0.780753086777,0.806261958953
0.282060204437,0.513490258566,-0.495080985872
0.186342256053,0.450159440609,-0.088427337389
0.133103719554,0.665455163983,0.234276434421
0.075860874547,0.723644707200,0.635709177861
0.213940544095,0.578251148763,-0.314545192181
0.208830197513,0.471981688670,-0.055443705290
0.187796491463,0.739604364611,1.104692629002
0.134880310802,0.766339947728,0.901703023615
0.151929062295,0.822781077641,1.028049453905
0.314580155163,0.516855445133,0.000202826573
0.089932778463,0.680531339898,1.027593807550
0.158015120960,0.513660267539,-0.007523297048
0.200646479202,0.489752522351,0.067790641941
0.076603803148,0.742403759891,1.082822177869
0.110814447500,0.658648266776,0.995992633219
0.197631201881,0.620400887859,0.129438853276
0.100670124725,0.704875737238,0.608336338427
0.199541875152,0.640220381841,0.867660199418
0.233894942329,0.421793232012,-0.406832774772
0.216267876374,0.356802671618,-0.445369253285
0.191278285807,0.797080617926,1.151483366277
0.140640140294,0.681947085032,0.616461787556
0.184988013710,0.745460171562,1.245544894430
0.142703757532,0.454909949389,-0.341392755635
0.178518104908,0.691472715348,1.165623657128
0.235838398285,0.541813716176,-0.442741757288
0.160877134694,0.726355814391,1.407738049292
0.157149185804,0.564529687548,-0.180139247730
0.074634534375,0.768460471981,0.997143030178
0.167314034447,0.527410693719,0.239022494354
0.178061229081,0.603039429816,0.303171859813
0.109945067951,0.520116672800,-0.026532194141
0.166355689268,0.626083527062,0.359848249787
0.186560777080,0.579187831836,-0.257236783462
0.262316468084,0.570501907336,-0.469992001407
0.093107936779,0.584518075317,0.255796681194
0.116822673922,0.625605572736,0.934605487641
0.265613193553,0.696451703773,0.357131874326
0.052876434195,0.815547210859,1.189098811705
0.179740194912,0.523177456176,-0.167669164185
0.109823247096,0.688298528840,0.902024570556
0.127961915940,0.638882798021,1.156425401097
0.242682789383,0.429848726039,-0.368617390526
0.081429200215,0.758160722710,1.413836040819
0.170103235099,0.734925791373,0.872258284973
0.259042889298,0.760614258858,1.263845159369
0.279472809771,0.400128023570,-0.427975879135
0.277128448173,0.501300000896,0.111189414916
0.151710015810,0.665732138081,1.098539452464
0.213624366073,0.542662654710,-0.012740688223
0.159484099245,0.333759632075,-0.449504155091
0.143926428101,0.403377169173,-0.239112211665
0.190424663375,0.462217536432,-0.517903944424
0.224489979192,0.751545013503,0.939804596782
0.281870233833,0.622563103082,0.189128669568
0.201013913983,0.640065683894,0.903105276796
0.131946105667,0.480360763759,-0.420695174168
0.190800167415,0.499009884710,-0.361410771633
0.210078790276,0.745032623777,0.914534943457
0.234808996222,0.558048282546,0.276900644439
0.185096263278,0.459689404702,-0.288213535577
0.140167615777,0.481568622460,0.175438194642
0.117813480280,0.576713824279,0.788405445608
0.198057870288,0.694838022963,0.354448157776
0.279671275108,0.563179204835,-0.202058002025
0.206908182042,0.547968577794,0.343848669828
0.223327853287,0.653264200105,0.865612591473
0.244237101245,0.550164345146,-0.330008398337
0.198176176070,0.526417833849,0.449508850913
0.086043318504,0.770301805786,1.097910453137
0.244617878259,0.809053007867,1.464066016227
0.238339885333,0.743764302905,0.645842320863
0.158115155458,0.528595203388,-0.049834208363
0.207816630189,0.568703351037,-0.265402569778
0.241206527158,0.563502452258,-0.491568466026
0.131663375190,0.474489742382,0.078364429595
0.215640448176,0.562397328890,0.346500144957
0.152049018611,0.554680956848,0.538223774613
0.226723219845,0.504910311720,-0.461739246919
0.218234021387,0.460882961431,-0.356502995513
0.267825152452,0.417880277328,-0.588423784476
0.230454960706,0.618065568096,0.448833068460
0.213663646284,0.573082141617,-0.113080334230
0.185617985897,0.664738296180,0.362808323465
0.115217413110,0.792890356234,1.305064801790
0.188296134640,0.728409895279,1.109587047035
0.193141852334,0.456617088529,-0.051006068133
0.235559990608,0.623061030833,0.471896066895
0.174979071969,0.580760175540,-0.226777350300
0.084879548910,0.738398139280,0.910161826190
0.263975362391,0.490194928207,-0.422007378499
0.094008951128,0.702286205965,1.134302490985
0.193831633661,0.536087058872,-0.007649527584
0.197440055550,0.680410905672,0.320407155633
0.159628998605,0.643204197023,0.328767299513
0.257545583580,0.439484792610,-0.365038338615
0.112565186576,0.753494319178,1.268738625663
0.138759274934,0.496894861547,-0.253273085591
0.274900325001,0.776746215182,1.261783817207
0.218504648877,0.403318546740,-0.612706171315
0.320424571002,0.447544104723,-0.194354194030
0.218670493042,0.796334733303,1.097580802525
0.139612172937,0.450905884786,0.017488016300
0.264526883117,0.704864988350,1.236395438155
0.273722788775,0.783858799283,1.340539570094
0.184357995658,0.709082646795,1.232983957361
0.111412299175,0.724553503432,1.260849069510
0.129385130211,0.731476212961,1.031785817621
0.261059795906,0.597494553446,0.007023121310
0.135411553123,0.682145419506,1.065920494722
0.222552759938,0.628822554236,0.728150708807
0.224475762210,0.855052195463,1.426258414204
0.213580918798,0.689827194908,0.619679902672
0.174317335432,0.668715652182,0.657944329513
0.137979255159,0.720291112014,0.693540923949
0.262631732468,0.581170221914,0.604378426974
0.290262816067,0.460301638155,-0.182073171198
0.042011822710,0.866623764001,1.430598664680
0.162255589018,0.368278336847,-0.396354783389
0.202345736434,0.774119207176,0.941876714172
0.247578556699,0.608664919272,0.496568279977
0.251487400087,0.674418503869,0.099839678597
0.275686703101,0.530228823250,-0.144269432048
0.207278825423,0.530465617724,0.377902315302
0.081523035240,0.826591365166,1.187160932571
0.178819716560,0.734284487727,0.608611337108
0.144914636427,0.763860433859,1.348547624317
0.145998820862,0.516719228457,0.399841110875
0.184634700652,0.660444785022,0.166833424639
0.277771492316,0.614278296896,0.748568670570
0.192071906222,0.718288258197,1.309638557837
0.119694192567,0.529052360223,-0.351860942079
0.135071985858,0.647450089964,0.446905417754
0.100202816268,0.545286341595,-0.233715670587
0.187646262469,0.648555291493,0.902166826479
0.145750778494,0.473527461062,-0.253499303278
0.175163597612,0.498575987878,-0.450574656769
0.177930489449,0.712154718596,0.484544730586
0.128137372624,0.412575160580,-0.590888436965
0.152745640280,0.564105082992,0.603680839788
0.132423024968,0.438493434887,-0.357498267149
0.249425188925,0.472095434617,-0.220626887370
0.165905164221,0.830109115971,1.007373763412
0.215890328503,0.763137154540,1.085977780150
0.140606859187,0.643623593925,0.131402773472
0.083651466280,0.615852444339,0.228130411040
0.212866852537,0.563736961965,0.317993148555
0.300250826907,0.371160377601,-0.557557868604
0.208945876864,0.775564596088,0.708281256402
0.179977339207,0.827614619548,1.118169951148
0.126098622994,0.553447410093,-0.122935406295
0.163083057425,0.510508330338,0.269859679473
0.151588009904,0.498273524438,0.419156436070
0.231090239126,0.743605416352,0.460023742295
0.309491066276,0.510362013445,0.107568062950
0.245802485910,0.398586907386,-0.377589731959
0.245217452249,0.664586105828,0.794774592981
0.138547926988,0.416602745236,-0.266525723621
0.219541745181,0.584160014045,-0.155158644959
0.239049980332,0.447677136935,-0.394521235421
0.120440359638,0.719638821978,1.289461571366
0.239167669816,0.682336012180,1.037549216601
0.256348229796,0.457166489958,-0.169383998331
0.243084943064,0.697434485174,1.250768728618
0.132472875630,0.671455787371,0.448314698534
0.224950268951,0.383905435933,-0.371705067494
0.324512697274,0.451775946100,-0.257596990224
0.314945227884,0.477949000931,-0.181919414394
0.174164561750,0.799136408610,1.155361611477
0.266100703072,0.588894937987,0.367089396930
0.085412710901,0.689818808282,0.724165985412
0.223616179534,0.670063883457,0.123769042327
0.252426428300,0.709498369119,0.695431670512
0.233235123691,0.786242217590,0.949716377255
0.182234521912,0.581839651879,0.461799301189
0.243269904557,0.686101958305,0.960890488453
0.114439637294,0.662854517822,1.120660526451
0.093987072024,0.612724317003,0.563706853031
0.185382219001,0.635451338271,0.534307052177
0.178896243754,0.731110109956,0.586550799035
0.197151744764,0.375401060475,-0.494396961621
0.076900269843,0.820301978208,1.336273538209
0.225138996889,0.480914741668,-0.356029309692
0.247267600424,0.673775028471,1.030235004986
0.237868058844,0.470129157520,-0.178946539335
0.272560435926,0.480989905280,-0.299336796195
0.189151032064,0.542100661019,0.158120170518
0.101170344902,0.580575802666,-0.042605450285
0.286657587127,0.460969660749,-0.070125126459
0.200408837203,0.757345542234,0.604144696459
0.275985695168,0.588406626536,0.321667119215
0.156324904939,0.443738270270,-0.351127490535
0.227215279241,0.700544392784,0.435087025175
0.129844368206,0.453568106963,-0.073646288046
0.119467587467,0.617097656690,0.391336863959
0.229417030079,0.631917402400,-0.015571010131
0.147151368516,0.438156277331,-0.609424087041
0.250192628872,0.833942769980,1.195202724345
0.076805040786,0.638572511770,0.259540872927
0.201257926714,0.575014790811,0.335913702101
0.122908564049,0.791291007714,1.211081676991
0.179532910687,0.623724503679,0.909074610473
0.254163108793,0.594516132043,0.640705647166
0.131629525462,0.695200856586,1.214765868419
0.136346574149,0.735653099167,1.285673413577
0.228876357599,0.548672190049,0.281940573983
0.252062490639,0.700213202026,0.569975846933
0.238198727392,0.562825126037,-0.455183668909
0.270115591731,0.475586148071,-0.234394552052
0.156143955138,0.640588578784,0.142855685042
0.185429535811,0.706472961739,1.072098468970
0.140217348949,0.509720740444,0.418157344188
0.128814778892,0.780225383198,0.814407055550
0.188182035454,0.736261161060,0.730482006506
0.192969345566,0.751591238036,0.631618049397
0.240548804453,0.681109680780,0.940679962343
0.259729796425,0.472131956009,-0.492998536142
0.292676911409,0.598246472367,0.103025820667
0.268972147499,0.653918471836,0.926949306041
0.281493732176,0.448100663635,-0.399418429357
0.145453198319,0.695513729700,0.451659418735
0.153848544036,0.690204477685,1.189656192690
0.066206445632,0.805503127701,1.362807202221
0.166743663156,0.732064655025,0.835721924882
0.186044595211,0.784929548911,1.007749177901
0.197243840206,0.629446315124,0.125521306360
0.160111673483,0.484153059644,0.045427087207
0.177281073391,0.697473273051,0.811400898469
0.258372162008,0.569461586533,-0.200850435625
0.127205190854,0.639288034396,0.318796513396
0.266434655743,0.361340228182,-0.497900553745
0.099944013407,0.717287167565,0.978611876102
0.142976552503,0.500275423954,-0.129561556415
0.249155094658,0.767194704654,1.056835168479
0.096408491951,0.733799497718,0.981728417877
0.329157500124,0.439956038342,-0.235990723884
0.170422957272,0.818843557119,1.193732144731
0.296733402730,0.398355237261,-0.419699984549
0.131152138652,0.570558412721,-0.236111255568
0.104673403500,0.607185637719,0.175127658036
0.204758240219,0.556354559009,-0.229661028773
0.278160485472,0.522138737147,0.204810114976
0.176053438380,0.726892764734,0.515413270448
0.162854153009,0.504941149004,-0.307578478455
0.113239980948,0.710158242264,1.020633548953
0.175579141500,0.458945080400,-0.460292287420
0.260681115923,0.460632991105,-0.440996912214
0.174694829995,0.492885409787,0.170438105360
0.167587393911,0.589630682485,0.506110353216
0.228696270721,0.748836792565,0.701794977148
0.127091629123,0.649983811914,1.116048976357
0.185710467968,0.749436600551,0.742573958325
0.276077865515,0.491259218371,-0.478437510616
0.195704393494,0.708788536578,0.825064801650
0.202510816810,0.735793468019,1.111481112208
0.179230533124,0.706062815058,1.010863888638
0.192917469394,0.536960417653,-0.006048472819
0.228416432385,0.618376599271,0.530855396448
0.213188051666,0.463953284780,-0.285378805499
0.190875895692,0.738094524951,0.550912165465
0.289687973468,0.665757755584,0.855049137899
0.152760213174,0.531734490016,-0.411676728080
0.157673705528,0.629662943292,0.210210401678
0.184717742626,0.571986071299,0.462961766840
0.194716517451,0.841916270721,1.000457534619
0.106346070057,0.501457684172,-0.368135824507
0.233450110722,0.527725167435,0.392913149864
0.241575491787,0.720048147067,0.574948413663
0.122610079678,0.602442273512,0.538739801819
0.117526878973,0.555979024402,-0.287883985087
0.276729657238,0.658443437794,0.625047753935
0.154791079904,0.647030516068,1.102328130980
0.136110496709,0.875804346208,1.496325164959
0.148166243881,0.366864328157,-0.337333123115
0.172968159545,0.423582703341,-0.428100001426
0.153338342348,0.527651078757,0.472644117023
0.174262687467,0.666736038195,0.717809237603
0.238905586231,0.462421322881,-0.323814348333
0.279788885416,0.650269766195,0.781214314627
0.258244089759,0.423248466325,-0.387444272381
0.119213213992,0.578422074309,-0.152795734592
0.200481807961,0.655202727155,0.956525279922
0.280690286574,0.598130124111,0.289638862348
0.130655805078,0.461028452607,0.091963825945
0.189522506793,0.666349809923,0.247288370888
0.139979907779,0.764144712942,0.859839737577
0.271288917809,0.572810352888,-0.174796999047
0.224883385760,0.503402422312,-0.316913018272
0.238974974834,0.657264782948,0.439315401714
0.152912430817,0.488875815660,-0.432357535147
0.243125209490,0.473323789142,0.099186868270
0.212438451774,0.591121045747,0.025161867490
0.072799543283,0.654817085143,0.403059139044
0.135026341928,0.600310147520,0.486367173411
0.188068112834,0.578589073421,0.053680785373
0.162729784286,0.548602812216,-0.167025420710
0.239874681777,0.500157897609,-0.160731125208
0.244780846519,0.594606336233,0.637643123470
0.228583357297,0.538894058513,0.260300788236
0.061046662249,0.769649443791,1.085492161639
0.183487993672,0.679017477398,1.164477472946
0.194413896943,0.702921187682,1.246821516354
0.200838104997,0.851192692599,1.261522445811
0.167039350532,0.418611486004,-0.129639590790
0.109181291010,0.788794687757,0.955081313604
0.266371514903,0.674552880318,0.529774488471
0.144040166809,0.613082863602,0.613977706965
0.170718157072,0.585041233216,0.387675164798
0.088084515196,0.674811270188,0.685206744421
0.097470385894,0.516545596771,-0.368451489613
0.241636744901,0.425353772749,-0.507250346138
0.234149194637,0.579526968760,0.302163283927
0.235754470030,0.677714559663,1.012904600043
0.132022806065,0.678338576754,1.213410667352
0.197449534123,0.741271322439,0.953331036936
0.160877749832,0.374631272322,-0.301921932842
0.199441215589,0.751669731085,0.804946812599
0.155512868409,0.667787663276,0.643702082536
0.261610558767,0.567676128177,0.144515657819
0.125441321788,0.785493775388,1.061000591291
0.143468322296,0.468155156849,-0.253851119297
0.175532158573,0.626891881094,0.284544707571
0.259485678952,0.689750363646,0.850229587979
0.166504914605,0.390349931832,-0.514325654498
0.290087062518,0.743118332895,1.311786980526
0.223954145114,0.502253946217,0.291976162076
0.247397807583,0.415136258443,-0.322086050788
0.122640098618,0.744612992130,1.159364072971
0.244959716671,0.532925313403,-0.211309123900
0.196423323974,0.724680600560,1.308218221989
0.088107906163,0.579019684964,-0.105258738226
0.241352325590,0.762599923771,1.324403028525
0.205278753606,0.538536703312,0.514509145722
0.247697173730,0.545780050184,0.154405072114
0.137826246413,0.446644981542,-0.279263204545
0.158361282180,0.674555158487,0.932465414541
0.178588196215,0.743363036865,1.062800472451
0.131564235758,0.485314593511,0.166192624670
0.173518304257,0.875107899219,1.314939397878
0.219681175893,0.544662962829,0.366611390506
0.281894714033,0.589916536297,0.643359327894
0.194009249606,0.401084405588,-0.276144749120
0.197789917942,0.379592109013,-0.338682131272
0.167592873199,0.399746062719,-0.449211055621
0.123623476386,0.644742883166,0.928878718285
0.110983650720,0.785120119356,0.895317742344
0.301622672221,0.479837264984,0.048510428405
0.196100762732,0.649844704564,1.053590279269
0.065404323726,0.704887177566,0.578267581239
0.204447462738,0.714457661617,1.017110736307
0.271610813745,0.461401428676,-0.189195157983
0.287481481653,0.522991346168,0.011471584558
0.114526225409,0.621119146162,0.688951379864
0.180273302560,0.783178539737,1.237510039308
0.182948675195,0.351879573805,-0.379633986801
0.238040261996,0.818623060606,1.022866582913
0.239136237050,0.439981444107,-0.293319680397
0.227432455689,0.605527755211,0.233935608402
0.218272068573,0.569606154705,0.191442974503
0.263235665949,0.569326687567,-0.394796303115
0.063182280974,0.788470494048,1.002139626394
0.178916500406,0.600111862399,0.538568693338
0.214188596911,0.584741403573,-0.146887075642
0.096188672553,0.699363036691,0.505380263426
0.113401791039,0.709687943684,0.576747590933
0.186735170192,0.661372297129,0.306566304415
0.258926485158,0.609319892630,-0.265016770657
0.210163750443,0.713601148596,1.309720183451
0.260581882231,0.554588678175,0.248047106687
0.205043068786,0.431355523600,-0.256261208358
0.182600548512,0.673283221582,0.782914028657
0.274679328124,0.595559720919,0.606380772473
0.229086345720,0.472172246545,-0.065978285192
0.222695970643,0.440950701071,-0.045632502726
0.259173568594,0.780288188580,1.127335512843
0.152906859409,0.493069842394,-0.426566846214
0.222617599130,0.495957552978,0.084238511122
0.178764058774,0.882596942216,1.361927827892
0.260384078460,0.659541188274,1.035109666377
0.119308796231,0.723093807426,1.224898060278
0.164287295268,0.635164613038,0.666740546939
0.104350841648,0.715999747117,0.929375423283
0.201602045688,0.638318036192,0.138722304959
0.138702882640,0.587454791164,0.213257737444
0.306109821355,0.507740197380,0.187610282639
0.234706418260,0.708713876128,0.318812538120
0.260484083094,0.694928537314,0.821949926874
0.151752428827,0.483980756349,-0.041506575096
0.257077987836,0.442879313020,-0.211126358045
0.180002156325,0.435641654215,-0.151086663761
0.108848678579,0.656089507008,0.888822614354
0.244609838745,0.646759616689,0.761613626589
0.237148621451,0.812213466923,1.081898018905
0.146610271962,0.617754452010,1.015107908962
0.135580584974,0.426654909795,-0.345212337454
0.123387094445,0.484693977411,-0.420782522757
0.215353373662,0.641302822906,-0.009486447267
0.128243491096,0.697544325139,0.653685494764
0.279027647679,0.603689507065,0.576728677360
0.230326126351,0.783023145600,1.268377361516
0.243431155747,0.714499163373,1.213513971211
0.266568136609,0.570049861675,-0.246975611957
0.132998684549,0.432758410384,-0.289795684301
0.213207007161,0.529090102353,-0.565325765575
0.213393766358,0.582116195452,0.087338325805
0.285707676609,0.425391331343,-0.266256290223
0.149621552396,0.574597063666,0.447857945002
0.151912645012,0.511268782800,-0.250648915901
0.280649840756,0.471693815754,-0.601426364702
0.215324387154,0.802214257023,1.198451749978
0.082123397187,0.852920779236,1.424384842308
0.172217603077,0.627822567460,1.034992694572
0.160247786200,0.526158362974,-0.462240505818
0.156468376364,0.582259234855,0.516153285187
0.214281971937,0.684972045104,0.640979040027
0.175826242210,0.783467861850,1.142035070016
0.105635648725,0.595247695688,0.195602659395
0.316805079706,0.489840338007,-0.095854037383
0.273098813628,0.729451404507,0.887481044004
0.212784340224,0.686521220504,1.058920508026
0.079758036029,0.698305348455,0.926130583181
0.120103959661,0.702505616970,1.398404091746
0.260491613694,0.653629796132,0.276185683035
0.288593320362,0.636659144219,0.813628806025
0.201989048333,0.715958373391,0.540909003143
0.177981340786,0.599418623450,0.322732303320
0.143897139668,0.664338282587,0.241594787076
0.098344234147,0.570146618417,0.232577590563
0.127113050215,0.687866497750,1.037772016393
0.255371847903,0.650922846533,0.467151623701
0.223561293103,0.639744810509,0.673714019514
0.120413401995,0.566483967677,-0.250208884576
0.304362134230,0.595470782552,0.618458910551
0.214504044083,0.545055232907,0.535975616321
0.254808806289,0.737290574250,0.465548925904
0.213706391798,0.746766184900,0.708247388118
0.237836220706,0.718291948998,0.606978689090
0.285797546359,0.579888683869,0.018494063292
0.138769099539,0.655281732972,0.934842043753
0.112270814863,0.649648753525,0.654249365426
0.248151530316,0.531362567098,0.277867503880
0.177358588538,0.639503400638,0.085866153081
0.240993659449,0.724448644312,1.310287529847
0.194995854186,0.771165527662,1.283818799188
0.171560793819,0.386565741186,-0.480253120179
0.211810693690,0.441744479636,-0.267849789580
0.223483264377,0.563224657757,-0.271937486672
0.168669230121,0.730517637364,0.763473357404
0.184495840382,0.579502736574,0.055533776291
0.165532162371,0.662753706709,0.588026575576
0.227489784086,0.734015198519,0.453002762239
0.204641445247,0.463496308170,-0.113470781286
0.275761788640,0.671373749512,0.827272502521
0.065411685249,0.778634160763,1.273295946047
0.178353322751,0.559485987707,0.235667393016
0.237651044787,0.438620710923,-0.561103035825
0.146769844680,0.620668881582,0.348275951283
0.150143804433,0.535713660834,-0.358546974554
0.238292028760,0.572979466661,0.503257779418
0.110941091397,0.600672806989,0.734835862420
0.184775047964,0.464842565575,-0.349797622535
0.253060001540,0.508534435782,-0.144248291757
0.211193537197,0.620920242799,0.424038482809
0.251246952579,0.588125452228,0.571606557466
0.187709845310,0.576236709654,0.425341640936
0.142737819299,0.645262435429,1.026309043656
0.313354029597,0.533409557769,0.030732760905
0.217877399646,0.506286470139,-0.353854600552
0.281108907862,0.625869374190,0.641129757240
0.254759512223,0.716794343086,1.037366687036
0.244871386425,0.583204351425,0.260424069652
0.240660983981,0.415962334237,-0.451100274920
0.107933373538,0.678638286104,0.579701868951
0.089455577898,0.793614825677,1.130372694726
0.264857217267,0.608915589222,-0.127559352724
0.058295685871,0.826787504104,1.247894959809
0.116353190884,0.560325948853,-0.273549231899
0.230437628300,0.412178317004,-0.185607829941
0.273868838743,0.552919535328,-0.585897090085
0.260989556595,0.709120025529,0.954580874421
0.182999990152,0.548903789400,0.480713343741
0.236791486738,0.669808818518,0.741831258089
0.216493120820,0.729027982916,0.505540334939
0.128551609526,0.707884045166,1.119538094124
0.150312672302,0.528604093625,-0.035621262462
0.289543318301,0.649304157243,0.519890153046
0.222539310506,0.476348355788,-0.486994098241
0.177799219692,0.461542352147,-0.255225980620
0.147359566381,0.560541888840,-0.332431711253
0.212172323321,0.604667137392,0.773618009478
0.274734421764,0.411960906788,-0.284739189539
0.100634602263,0.700955560924,0.910044988797
0.134957105571,0.658191249770,0.287242261774
0.254750399681,0.743532504707,0.795122790219
0.149108387512,0.540533639583,0.246173319742
0.236109802169,0.694340180149,0.883807791644
0.260839334364,0.800188723337,1.108723152521
0.186899297181,0.829904624397,1.333218197409
0.141491281215,0.460935005735,-0.206489275104
0.120290815124,0.561984327985,0.622435336162
0.242328708241,0.423272436935,-0.517214852549
0.216083987388,0.524077055948,0.105483461010
0.289270805258,0.491255971837,-0.365146731387
0.146333188506,0.489355126890,-0.260012581175
0.186818067271,0.573572107465,0.024463038313
0.149180399155,0.481139573610,-0.452598799016
0.125258438747,0.673460314164,0.514442742384
0.116110235548,0.763455884847,0.953098413588
0.124780158471,0.783886612430,0.860874374388
0.255849839878,0.780358115932,0.827010597787
0.246548857143,0.408062833115,-0.261750084679
0.157121890587,0.541589881794,0.034631326222
0.107574443946,0.562065800609,-0.002087685334
0.144301129431,0.503499402254,-0.425119049899
0.274206201990,0.358721711954,-0.515259832265
0.318980484178,0.495809566319,-0.002423364784
0.174025563252,0.471832049659,-0.536196816191
0.164354943543,0.695717170698,0.392671946741
0.155093472918,0.642171485824,0.442057821092
0.176567841282,0.538265198683,-0.121884298441
0.120738341059,0.500028817599,-0.062450766253
0.140092429598,0.784244358929,0.804903787510
0.210419478258,0.419861174896,-0.416482658699
0.093937448810,0.607033534460,0.031363218297
0.199367120685,0.711033380222,0.399260281157
0.118645004521,0.582885803299,0.511584684347
0.056540583634,0.824613960676,1.265840031350
0.200200393745,0.720437985647,0.935617916627
0.182022997974,0.774592492604,1.007793772386
0.152227301329,0.472576259830,0.219646319905
0.244537146052,0.633844174061,0.264256931004
0.145519247258,0.668928455265,0.865044181124
0.245949989180,0.645676738547,0.800386842358
0.246245206524,0.457477506193,-0.324839572912
0.115363469898,0.522875272949,-0.054406018174
0.196985502917,0.403752530586,-0.535861787152
0.182016214682,0.506344964497,0.227660459829
0.174303560678,0.381699919140,-0.492074591100
0.073165615904,0.731348892148,0.704734078413
0.108769484430,0.772018856145,1.118812176940
0.164855187042,0.572805883485,0.220621327269
0.152583745207,0.481172401120,0.022196309559
0.132379221965,0.426630126382,-0.343986741888
0.221944026845,0.757677198599,1.084918157437
0.178723902076,0.552420623459,0.447731339142
0.249210342347,0.690539326755,1.198850129810
0.106751735964,0.556965787862,-0.231790815888
0.119507828768,0.583780753331,-0.076704920528
0.144679104652,0.729372716037,0.796398670345
0.150585030534,0.407579416262,-0.409281077823
0.108206218602,0.677259509598,1.108889523786
0.185490115358,0.754276859185,1.058596409444
0.155432773004,0.433550836630,-0.514729500146
0.294573144477,0.537849733847,-0.367880384743
0.274815982512,0.578125271734,0.402075571084
0.271586151469,0.480925071291,-0.154542522721
0.192416370094,0.429688341123,-0.149589462318
0.259411623843,0.584477869392,0.270218533251
0.250137079500,0.608454593802,-0.015694194136
0.178018992301,0.769584073171,0.980344986388
0.051454856912,0.817703590912,1.186428345466
0.160227180160,0.629554783502,0.992940459468
0.196184374429,0.729412006762,1.399497479057
0.242810678507,0.680222326971,0.732344991170
0.306529321879,0.447218875156,-0.418797587703
0.214617144897,0.794728991386,1.252436403141
0.200502154466,0.764725257808,1.305135388330
0.217612312233,0.794905805824,1.271438532273
0.115031317222,0.765290952356,0.865233470588
0.160816444887,0.821804431582,1.228604412088
0.257255383109,0.425499595271,-0.451040822327
0.185637716158,0.712064044749,1.126607621366
0.196124596489,0.665835881037,0.836234962950
0.265098866922,0.805667253258,1.302304662560
0.235776490221,0.522230420367,-0.413668706504
0.198689048996,0.531257126810,0.053350100220
0.218954546831,0.564437622801,-0.199650495733
0.185644320402,0.421494298857,-0.209691610991
0.221076036210,0.467812484920,-0.041570039603
0.284530813051,0.518160253721,-0.392944127462
0.235963105318,0.534654236312,-0.255083851056
0.097471419584,0.791466232986,1.256216203464
0.060876176696,0.860140413570,1.351200014547
0.276736080287,0.478818228986,-0.478714772831
0.152323353680,0.534572324498,-0.138802981894
0.147852055956,0.817163005407,1.198474719447
0.135123223905,0.650541239588,0.902407401011
0.164050721717,0.709315104253,1.110810419550
0.135629543744,0.783514932178,1.319694428897
0.239174744580,0.415974236035,-0.319852454285
0.094997537660,0.704428372376,0.570024502928
0.262487316669,0.791965882808,1.209246807653
0.140422167465,0.499325416232,-0.144130741892
0.120701379836,0.665902412657,0.646723962294
0.104939504829,0.855332598916,1.430513273753
0.149994735534,0.460365463566,-0.133935998223
0.208384366019,0.633410276283,0.076897622195
0.154140804208,0.603328186869,0.501633025271
0.240208758874,0.699298996340,0.743060602074
0.261067187058,0.721868255082,0.589407132973
0.120913987001,0.631864637900,0.858897125842
0.184409232346,0.622319643883,0.063103110176
0.178357671594,0.677507256272,0.319004364458
0.107870972070,0.573105970105,-0.052581883429
0.150679419917,0.494070610319,0.342815192784
0.230968610727,0.490255726901,-0.469259114504
0.103806627759,0.769762178580,1.406248420027
0.203408826586,0.457621830371,-0.227227811225
0.159228412517,0.388079174465,-0.407544176839
0.086727773058,0.778605479191,1.387128726912
0.238644744377,0.768978011592,1.185494894757
0.150265259198,0.873714291129,1.253082462841
0.169584188517,0.740025672562,1.110348773973
0.274201269421,0.529219966026,-0.525459883391
0.122779313954,0.617887405807,0.586393864290
0.207023910618,0.457220604594,-0.211605425578
0.244831994600,0.727735889792,0.560789341942
0.125381936874,0.483616376692,-0.327366748623
0.136605654694,0.538886820268,0.301313870805
0.199479548644,0.739577263490,1.068072675019
0.283121437990,0.608041082635,0.177244706105
0.268522982229,0.535081953405,0.145152067953
0.179647398968,0.732662279091,1.303744603557
0.145848718619,0.721065782334,0.606457176199
0.233389126788,0.565163679691,-0.306351945879
0.097394211055,0.706079303112,1.118654327422
0.320432252790,0.458299858784,-0.386518064357
0.266665591802,0.703317480283,0.521038353770
0.209193186343,0.761195299706,0.587912224629
0.232129428535,0.587708020871,0.083332148303
0.175865510865,0.505018887420,-0.275583990411
0.123641281864,0.572446711790,0.660231317205
0.186036527584,0.630312946630,0.144525347123
0.275251845559,0.698969094969,1.065050184725
0.199147414049,0.435693869977,0.006486691496
0.128789741497,0.715091765508,0.753327556726
0.201616630170,0.583892735330,0.564884360196
0.215492470628,0.406566839564,-0.466101322811
0.115431235775,0.510219592790,-0.444161704921
0.162822495825,0.693081964681,1.233451504184
0.167785488375,0.449597910472,-0.265678395923
0.193736106555,0.395513821757,-0.234426653851
0.149619516100,0.361332071616,-0.415179075145
0.187238581393,0.609475942922,-0.038470161036
0.133982458230,0.535838949689,0.535432126146
0.134583456296,0.628848707730,1.083710079981
0.114518625961,0.714650634602,1.205049358990
0.252913392989,0.495551960663,0.114452516555
0.213366540263,0.437495673337,-0.337838948794
0.203311949712,0.548657670141,0.245345623574
0.206942258399,0.842965009200,1.359895208916
0.119226797122,0.500632065464,-0.413285385235
0.191372312553,0.591416784842,0.144791753973
0.151289491379,0.799676535835,0.900705974329
0.200949440426,0.759383778760,0.988505231996
0.135454285621,0.677372811414,1.053355915581
0.223898986492,0.623782116109,0.460365156827
0.074953088472,0.725240371042,0.645604860849
0.152124439678,0.572126911564,-0.209261535611
0.173937536967,0.404104202242,-0.374854640152
0.194589345297,0.525840262891,-0.321661312587
0.068675377045,0.791265615886,0.982794195451
0.129749730681,0.593878891549,0.208190210207
0.191090166432,0.559528643044,0.058188921743
0.179305820390,0.426416844716,-0.151839270988
0.216127154075,0.706118653107,1.083522515100
0.259959975578,0.628828642081,0.215687221184
0.068477822499,0.756249024008,1.177248597756
0.216404103715,0.747438269207,1.404831342789
0.159497921891,0.692805375837,1.123860821979
0.217407149011,0.587540487134,0.255784028294
0.282894352090,0.658396688895,0.709206732773
0.139217628176,0.654703060316,0.325403884205
0.256865895061,0.652075547935,0.812035537854
0.134494274821,0.577033365196,0.782477476485
0.223634142844,0.621740131176,0.350887538131
0.129431041312,0.675496347032,0.316794761544
0.127006368749,0.536994112944,0.661459308490
0.148470849795,0.586977334630,0.735846814390
0.171903858474,0.372460104328,-0.394533473741
0.301628203343,0.647231903908,0.835989455072
0.133615109408,0.519891582098,0.159692056817
0.178206345495,0.600446436681,0.320300721271
0.258379644013,0.633619308806,0.066313915616
0.124472373118,0.640249595627,0.563967122653
0.225816091649,0.364854945892,-0.541275663362
0.161712983829,0.699942910819,1.350440805178
0.251280794549,0.821737687654,1.420880055947
0.239110392410,0.629996229622,-0.078152378578
0.147024375719,0.744416191269,0.833143096028
0.116540140722,0.626366014194,1.065018663124
0.132417757165,0.705127319507,1.379213197722
0.253268821167,0.773955941500,0.839593089548
0.186738914785,0.693591184356,0.323903723721
0.178589645182,0.812638013297,1.068127127096
0.167943564943,0.732908369322,1.035303295529
0.244409083926,0.835867720374,1.206701540580
0.170260430194,0.678154438178,0.903717891292
0.156386179693,0.695110754716,1.069644315105
0.167040744157,0.718749335294,1.314636359111
0.120708596934,0.501972757619,0.137123674172
0.162641764243,0.692091983188,0.948896368743
0.163828311434,0.432672153158,-0.312443254628
0.180713531435,0.525394584702,-0.224609521844
0.236709255211,0.855966300409,1.237879794248
0.136934607860,0.737540931593,0.768682599044
0.141488164693,0.762204171280,0.738847432740
0.175472745224,0.653595052053,0.108047468051
0.143214642301,0.626315730170,0.627066290413
0.167295969905,0.486907063503,-0.469404367452
0.147045992984,0.718129448062,0.659046580701
0.275758012160,0.447619914008,-0.158224003174
0.226572920774,0.704145391323,0.326047600991
0.204454898412,0.459628962982,0.014696511510
0.184394796289,0.455235377915,-0.197227013172
0.104608063130,0.812442487902,1.275024176767
0.119602628737,0.726952985964,1.228588429487
0.138878079646,0.542009423906,0.639688404713
0.293694378222,0.451580475376,-0.136650072117
0.103908811748,0.745878034240,0.891488742078
0.050349054970,0.878195481607,1.474846793538
0.230543439933,0.787974088968,0.962776058682
0.069996901273,0.823287891194,1.278131602379
0.229342144079,0.811238201711,0.937438955540
0.177860177220,0.611836941848,0.284160600292
0.128176160450,0.532576197495,0.335698799366
0.223853863733,0.710910672258,0.958772349827
0.178840892955,0.681027164544,1.078100886451
0.271655388552,0.538027652062,-0.265862151046
0.214379651420,0.513865570270,-0.306156559223
0.161294487524,0.556429058427,0.177238825005
0.161872552795,0.862103394593,1.415194358643
0.227281388413,0.700413342684,0.880812871692
0.289829744624,0.441928125457,-0.462080778989
0.299610483829,0.526982149607,-0.128426370422
0.228730043129,0.706348775094,0.837417704179
0.153617628943,0.626340795831,0.739545876587
0.249468891230,0.473151342498,-0.557096648198
0.273759370254,0.537343697004,0.091781339679
0.244791229324,0.643871459889,0.886479098572
0.254215910075,0.694727081024,1.163822926727
0.205052920447,0.894238323674,1.305263663487
0.263116875012,0.793920896878,1.142401137701
0.179613740589,0.812025690846,1.102761904871
0.295191806241,0.626849884446,0.792205448668
0.145038287493,0.706710675058,0.652245759708
0.262420015804,0.529225181377,0.154489564935
0.212542921233,0.496790461800,-0.101430750096
0.187527240861,0.634456820866,0.893566847274
