0.034048578007,0.642045272389,-2.958578723960
-0.490017998956,2.142565691502,-2.022840508333
0.115713454450,0.888094965458,0.972372338843
0.147268102571,0.783352626773,0.815569280350
-0.132553803675,1.405313477634,-0.206219399380
-0.372792318716,1.772924396767,-2.543933771005
-0.123319612185,1.382691171939,-0.198024568613
-0.067580200946,1.220875448687,-0.310340027104
0.217191088973,0.743430509136,2.073868546976
0.060675045111,0.949763499446,0.269593337502
-0.535362812987,2.214080708045,-2.454513202986
-0.278808467433,1.683799322390,-1.159483714400
0.580478991148,-0.130854963735,2.829494011828
-0.474418846198,2.181364778167,-1.329884133951
-0.558089658360,2.272440208718,-2.457051468585
-0.289569890754,1.667972151122,-1.552552701576
0.769700628685,-0.661915533478,2.595701232511
0.318994087777,0.542857376571,2.651747111914
0.064173815275,0.405167178632,-4.303687436213
-0.165411510261,1.432383753545,-0.745045192975
0.051126790851,1.140290931129,1.676067506012
-0.050181820404,1.197342314699,-0.138731273231
0.158078280975,0.573666247654,-0.739809857893
-0.176269303121,1.414580713618,-1.141193946396
-1.834990904672,5.155465378119,-6.801983727647
0.314614290175,0.548930002974,2.588146700244
-0.176485009508,1.169240907308,-3.242030812929
0.261398532805,0.642061646979,2.189714003629
-0.156570869116,1.264348294576,-1.963088231862
-0.136568754013,1.405839846427,-0.311771272898
0.101629841996,0.702335392758,-0.931536001805
0.094191032081,0.706545381235,-1.049008356904
-0.086806264857,1.702855164817,3.335500599274
-0.050028360553,1.011216436817,-1.736266328274
0.148018918597,0.378322137445,-2.625656612453
-0.686598530112,2.526875932784,-3.185619212476
-0.234759782637,1.611489623927,-0.759932770260
0.165670935868,0.736686113603,0.854194622166
-0.063389843701,1.127293714839,-1.004544182675
0.225162397397,0.071691565039,-3.503029557424
0.321780340866,0.426119919406,1.717140171644
-0.053226125190,1.105016275943,-0.970133219790
-0.032744578905,0.738310840817,-3.673693433612
0.394501485028,0.253281653956,1.870329031944
-0.793706140034,2.929284779016,-2.210591204739
-0.145412848005,1.337573954663,-1.105661287337
0.186302486469,0.879002656525,2.524495846752
-0.052376060856,1.091102636694,-1.071518465483
0.145472050975,0.776152070825,0.724093521955
0.094032110856,0.834400153131,0.047670690267
0.372692133516,0.346713676249,2.176411847104
-0.400936928314,2.050588368200,-0.789118091134
-0.276934986920,1.658690937363,-1.319803580039
-0.338582764036,1.862294140824,-0.996574808043
-0.087958714670,1.126555994339,-1.607987237871
-0.730491796848,2.719605086748,-2.547978865351
-0.094892933964,1.403636441169,0.620800026328
-0.089108833585,1.528213708747,1.836863689862
0.003049798016,1.008654822581,-0.526193199784
-0.172946058050,1.511595332559,-0.228114021444
0.097328696191,0.810748542181,-0.099765961345
0.021742913358,0.908760911180,-0.961751325712
-0.316835246335,1.803029772730,-1.010635626828
-0.083066484591,1.075791432098,-1.898081758280
-0.743721042467,2.519931608419,-4.572516200026
0.027769692278,0.982754455135,-0.183350986045
0.011633968822,1.106414487007,0.494984216445
0.118176835622,0.653508328622,-0.968202425968
0.639818553190,-0.303492463981,2.692958766960
-0.124536532201,1.352307184986,-0.503453278648
-0.936412709125,3.135633137348,-3.655445972966
0.161926203501,0.785723607009,1.183831357624
0.213883325553,0.228093049360,-2.409212317323
-0.878706248179,3.092933417547,-2.736728234672
-0.372647282130,1.953920958067,-0.968623185173
-0.448664835615,2.117170693615,-1.297386566354
0.155005689748,0.501418711236,-1.432770184102
0.101307677427,0.782598543977,-0.252623907566
-0.555249945421,2.330822151186,-1.908264496964
-0.358254214858,1.828612316616,-1.739883097889
-0.915323155062,3.083419672083,-3.628692725388
0.180076013209,1.009334247876,3.501575002936
-0.139218108368,1.411919434175,-0.296267347757
-0.359260288215,1.719910409317,-2.655614734483
0.407837569283,0.205863673504,1.791469820817
-1.198740731023,3.676750006451,-4.984728744330
-0.313020552926,1.746545571653,-1.418276135333
0.422781344986,0.141948754996,1.580313868787
-0.319823931707,1.536257334501,-3.343989307239
0.270212202294,0.592671712343,1.992275135885
-0.548980240542,2.271383180133,-2.257126075986
0.587672888505,-0.136892490275,2.949347723147
0.129254604234,0.824083958401,0.737047498651
-0.122729940386,1.442670992863,0.344456246451
0.183661224162,0.712805232112,1.046509988523
0.076751423980,0.956078681432,0.697646982686
-0.366416887370,1.787281080135,-2.275268019549
0.589372785051,-0.065939590640,3.582199364900
-0.041228048006,0.995577833558,-1.636896030264
0.366536683341,0.350939764773,2.112152055346
-0.012345915484,0.930636306454,-1.552841594264
-1.068691615345,3.379949263311,-4.553216699989
-0.041355705041,1.153964945192,-0.277336760827
-0.052265199730,1.198694897359,-0.181839840686
-0.163987326953,1.410676017626,-0.880362037124
0.014090754273,0.975127044962,-0.555551273131
-0.285156364741,1.391575923481,-3.803300220024
-0.095820162732,1.499577977772,1.401764162436
-0.635028963145,2.465988121317,-2.544771729437
0.064935738733,0.496592247555,-3.523119228417
-0.590597251367,2.306960637705,-2.924809222759
-0.660503018148,2.370105547320,-3.938902516747
-0.184669799671,1.473329819568,-0.833362451317
0.032084339750,1.015404434121,0.194386719530
0.240867551178,0.551048438309,0.930731939856
-0.698839945162,2.687922818878,-2.083456879397
-0.872356650230,3.091822968922,-2.585417785948
-0.009838054399,1.214610061592,0.953865660768
-0.758756548150,2.821734911572,-2.315298747416
-0.067184250823,1.176726256343,-0.708560997671
0.245694664411,0.646265912096,1.861218797132
0.331984028140,0.337217922141,1.209539195440
-0.417712975146,1.982961701949,-1.743919205465
-0.155621169050,1.455155022647,-0.334585161824
-0.057195760703,1.384640065113,1.332390004652
-0.151052571085,1.357184383682,-1.069288532672
-0.461979385244,2.126208101257,-1.536591749062
0.046321582503,0.800010537400,-1.313494323261
-1.583518598019,4.555840714936,-6.215691647773
-0.027984391274,1.098304975293,-0.462413764510
0.055912510759,0.938450670265,0.070785434320
-0.858992989879,2.951499904201,-3.477105062376
-0.558364239878,2.380556302563,-1.557653584539
-0.253720865226,1.667217273282,-0.744532796342
-0.172639589866,1.488793416184,-0.428373731104
-0.129438913061,1.465140491888,0.369351431306
-0.418944167902,1.993835140778,-1.663052933732
-0.146980977625,1.292484537822,-1.517212689589
-0.016265464949,1.528014000798,3.475129521514
-0.221154159215,1.527698422665,-1.184220682350
-0.048509557060,1.253445165580,0.390570790981
-0.975756443025,3.216224067198,-3.879180921326
0.449258968614,0.102867130406,1.833982471637
-0.565367846718,2.292532668979,-2.473830405720
0.086158710398,0.860822015473,0.084382397590
0.066253389660,0.872727648257,-0.248787806201
-0.002735842323,1.085427781205,0.004287752857
-0.364371457151,1.727570343487,-2.744925632150
0.516846176433,0.025229853546,2.705990350288
0.024998659985,0.810687403596,-1.731444356585
0.083894822620,0.740169266952,-1.009292790218
-0.174848097285,1.444476297451,-0.861065150528
0.172417778762,0.480082730522,-1.193266113617
-0.732392990154,2.777936806992,-2.113992272176
0.113541768531,0.687177913053,-0.779566490466
-0.069376638526,1.181392941020,-0.704075474858
-0.478864256719,2.216729342433,-1.121254732810
-0.365826157219,1.962294627598,-0.746469029926
-0.226563407028,1.590027760025,-0.763068655684
-0.180945283664,1.560323301769,0.024540628951
-0.031508124329,1.420514302821,2.184934372486
0.403432874291,0.236691945860,1.941012912350
-0.209117609738,1.473777870109,-1.369605423024
-1.420902004197,4.234472399450,-5.269973433708
0.110065858033,0.849623458729,0.556613920529
-0.015544148325,1.173460993068,0.447141079642
-0.759586534440,2.564964950552,-4.525005567416
-0.223091778516,1.557614676672,-0.983861140517
-0.404614230909,1.829067343888,-2.742865430948
-0.004140957577,0.736757186450,-3.008749795570
0.300627945283,0.384558438711,0.874536595237
-0.371216284181,1.925497733214,-1.189298278851
0.055496651850,0.941641081211,0.085361921002
1.145002146554,-1.334500884602,5.340216175291
-0.104671079370,1.409743336799,0.460403729081
-0.187437115440,1.457531123602,-1.038265067522
0.091207062747,0.998086016931,1.395264446829
0.088841397244,0.850334752300,0.080441359417
-0.050884267157,0.889629783449,-2.749976367330
-0.616584228586,2.380341161704,-2.846937899186
0.167722859407,0.645665785396,0.110348213030
-0.334011504968,1.787056939675,-1.546818102746
-0.182439313562,1.717963815811,1.336420176293
0.434976724185,0.328399190398,3.426725221861
-0.142894762980,1.400425963940,-0.472602976241
-0.304956925510,1.653998641412,-1.980159760246
-1.219328282614,3.560941644396,-6.423777557939
-0.536290798997,2.320214971787,-1.570354053511
0.091328583153,0.837565493702,0.007720666685
0.873381919833,-0.865973907199,3.175308450108
-0.574983870869,2.429135548847,-1.507216281845
-0.930219086202,3.211742038041,-2.886384827507
0.119873639821,0.834948381924,0.622330301099
0.079195102699,0.442769206641,-3.647743896863
-0.275550837583,1.690918762133,-1.043487401920
-0.513400636541,1.961300673027,-4.086405196216
-0.429872782890,2.029357666131,-1.652418616784
0.220740442527,0.716426944866,1.889297950744
-0.371187588498,1.862708343380,-1.739203131584
-0.755746959759,2.825420454994,-2.237299742788
-0.386076375458,1.650405267336,-3.866971625504
0.377625974929,0.237629956927,1.387635346508
-0.533357037660,2.244985594233,-2.128249044070
-0.194430358261,1.472873698450,-1.040605050881
-0.343597554744,1.713897790160,-2.371355458488
-0.060461116606,0.843059881393,-3.393927656654
-0.213489286864,1.544128255177,-0.881301814333
-0.294686434906,1.776343098471,-0.715488351791
-0.687236205825,2.636242667108,-2.274616293246
-0.225642251567,1.518971449397,-1.368283586648
-0.079955933836,0.794095910915,-4.259397520039
-0.069293651822,1.090256704542,-1.464931292586
-0.661755237253,2.542534030211,-2.512162722808
-0.055997541415,1.087265506142,-1.204623247406
0.246035758195,0.549134563666,1.055034455443
-0.152597462180,1.448408148215,-0.290489487387
0.211769945116,0.649146128104,1.146500980073
0.208218055701,0.658193828431,1.133685583875
0.880010190639,-0.837299104629,3.557566079567
0.330318426634,0.314672226221,0.953617854573
-0.308367050807,1.746735563051,-1.308263217525
0.056050990184,1.230725431884,2.562307567952
-0.405992737044,1.913989876546,-2.075610124902
0.039262739614,1.070955538656,0.822322137189
0.066072791297,0.951509092153,0.426817788960
-0.201984355035,1.515303879236,-0.833480220428
0.021009920710,0.999014702916,-0.231323004271
-0.451994668205,1.951369649671,-2.782508214889
0.077419590442,0.873291480059,-0.011150626257
-0.275770698456,1.596496619922,-1.815666736652
-0.808040201616,2.889054219841,-2.850942780731
-0.123577937061,1.470684806836,0.524245811546
0.023475745045,1.049751718400,0.275134420824
0.191063140797,0.347000136065,-1.944809507332
-0.117578029571,1.099514738333,-2.483749510978
-0.451859850276,2.091674611355,-1.582371396736
-0.105555105366,1.057242509443,-2.570179427006
-0.393836589321,1.856841035647,-2.273552107897
-0.323310022654,1.467679497474,-3.986630488344
0.078374570230,0.958362046872,0.762780078915
0.460917076303,0.193821929846,2.893225463131
-0.790139755605,2.775846651546,-3.426522023355
-0.451827773271,2.018700614021,-2.218641594998
-1.153558819406,3.592855810582,-4.666360539740
-0.170761656019,1.469376058416,-0.528148827037
-0.198183858646,1.540251045645,-0.540166474953
-0.110804487025,1.290364314776,-0.708209181573
0.109690283043,0.816880364767,0.252875507288
-1.273231276105,3.909867732977,-4.688260824997
-0.402349522401,1.863157895490,-2.436140312245
0.033800553640,0.840753623677,-1.260426992420
0.117809242651,0.745120091176,-0.191122865851
0.184540735130,0.459097201097,-1.123841486830
0.162732011017,0.718464278433,0.598468283753
-0.157260110172,1.329140047024,-1.448618661754
0.567463695898,0.213674166967,5.478041423538
-0.272905074387,1.663571081384,-1.218152171855
-0.011362682119,0.990856108328,-1.022168876949
0.451613972237,0.067368402983,1.575985611022
0.043732794389,1.085621356527,1.065403503738
0.122333668742,0.605399892807,-1.270765205554
0.076064788090,0.525746905205,-3.000756048229
-0.006782518910,1.086090330198,-0.079225544661
-0.961794459511,3.112847576269,-4.435205659705
0.027559099937,1.129731810448,1.079008554708
-0.102712003006,1.423379196181,0.601188132675
-0.053415137185,1.202116372861,-0.168564421577
0.598389455075,-0.166717248656,2.923897968824
-0.038783743533,1.041598919042,-1.198827018144
-0.224391989483,1.675025170508,0.008285200169
-0.196932197682,1.490044352139,-0.957198254918
0.066336795239,0.949385130881,0.397149452768
-0.241326132327,1.643984779143,-0.651210482417
-0.150194637063,1.420806713010,-0.492428203673
-0.682725209636,2.629366204965,-2.221702583301
0.040705939622,0.922922173422,-0.390982632577
0.080291990353,0.838583789178,-0.213125052908
0.045666391885,0.929840805093,-0.220069682754
0.079506999205,0.882023506714,0.139616798663
-0.834260856249,2.881968369320,-3.537107862123
-0.132599623083,1.464998569396,0.280548128759
-0.145182364105,1.507876229482,0.357711924368
0.000485112102,1.180076871034,0.849580268303
-0.094787340687,1.062302233121,-2.272426866002
0.436083909111,0.308513810078,3.285247641515
-0.103274982888,1.405363063508,0.444956335088
0.229341752949,0.551415377519,0.672085198327
-0.600673312161,2.315099938144,-3.079977995284
0.119845839571,1.179081492627,3.551399840625
-0.094334311294,1.243348316867,-0.722763949849
-0.427360453803,2.013230676839,-1.733574107772
0.128355535235,0.899728950394,1.391174054381
0.007440328683,1.013373295707,-0.411278521365
0.498747866261,-0.033053440555,1.821795034258
-0.299764490790,1.775281044407,-0.843509316994
-0.268562062243,1.549999467279,-2.084404881441
-0.331119716914,1.801020937296,-1.340236703361
0.140393058670,0.599504652049,-0.907834952723
-0.380080900365,1.955187656356,-1.115721719200
-0.662657048978,2.602450390996,-2.035229200106
-0.101269258246,1.228293402646,-1.003540547875
-0.113727716961,1.034069140398,-2.959773076380
0.320069911773,0.365722638910,1.181315859340
0.266645940684,0.590336821333,1.864103183634
0.037020455757,1.048888066457,0.583733847731
-0.009440491229,0.618374626806,-4.133487227150
-0.062351213096,0.765486101345,-4.104795338918
-0.424211732042,2.110956038480,-0.782139609110
-0.915652702368,3.016760002816,-4.217047234007
-0.186671742364,1.544674322328,-0.266602740864
-1.126358485161,3.549149778545,-4.423600664301
-0.214924978224,1.491386864177,-1.338136310206
0.001657433021,0.919515939356,-1.349416994314
0.021125085489,0.991775277909,-0.274913567469
-0.045270481248,1.029556467150,-1.455623483592
-0.173616592067,1.365339987353,-1.511583795194
-0.128649671830,1.277963055521,-1.226786230435
-0.488189199109,1.945539845450,-3.685819555774
0.091035253356,0.835619914684,-0.031669271033
0.092883487794,1.316392559116,4.111529373107
0.368013824836,0.305192603891,1.715286941201
-0.115299400457,1.421593169833,0.315771438692
-0.408410462501,2.036945455286,-1.069273381830
0.082382235970,0.918423034202,0.494776540536
-0.052904811313,0.947557729638,-2.299451130399
0.470554652803,0.184066247152,3.013021790127
-0.544781403700,2.370248028873,-1.298442415214
0.191231534091,0.742048389627,1.469196172120
0.117003623919,0.457391777352,-2.634600397859
-0.130030113372,1.371576338288,-0.468346002856
-0.394552900406,1.789545927631,-2.880313502276
-0.055924127297,1.311385380841,0.703221284920
-0.165883434223,1.526581621850,0.071945848143
0.118066418639,0.812162922349,0.409514676098
-0.001338219394,0.914820599918,-1.436525700080
0.024325561146,1.198472980176,1.555038524419
-0.342886004224,1.700607319878,-2.465736595480
-0.112858070847,1.387373029656,0.061813219690
-0.495285164931,2.189397020617,-1.762905841107
0.209062179733,0.669603747275,1.222772308792
0.013663588727,0.997524944129,-0.383037128872
0.010531889024,1.198793205490,1.259932265876
-0.428682956809,1.987642940018,-1.968540264082
-0.815633593526,2.929001265565,-2.693468911819
0.159581133480,0.678571864651,0.181695861593
0.119709566278,1.052119343977,2.498654844310
0.173122803862,0.853100760513,1.975191284983
0.179811558648,0.658092321336,0.475179533375
-0.633420203192,2.473025660405,-2.468093935680
-0.301961567037,1.580812753356,-2.562590615600
0.079504500262,0.746098653974,-1.029181522645
-0.105456876346,1.416288942753,0.510012850891
0.725811061730,-0.419380097177,3.642839646179
0.326683628256,0.424101941028,1.797461792503
-0.127772245226,1.306981603322,-0.963815266132
-0.218918004706,1.649448996001,-0.079788887175
-0.104006937642,1.228826376449,-1.073070567797
0.076994900883,0.942308147621,0.554925579896
0.690291098613,-0.394042849399,3.048923731304
-0.232732264440,1.497552839607,-1.709525585991
-0.999830622564,3.253529901754,-4.094245192149
0.337058790950,0.366399814770,1.544959066645
-0.402063568400,1.794514000003,-2.993883664878
-0.140057230625,1.424631211871,-0.234759899233
-0.634385248369,2.475961684299,-2.439462301477
0.963437612427,-1.055474664520,3.629367551595
-0.163265526599,1.290662705609,-1.897510552606
0.048332902277,0.909238737740,-0.356424418281
-0.409024584394,1.946294815050,-1.872685392022
-0.244655169848,1.544058236107,-1.572747723340
-0.305789390635,1.783734695738,-0.908516289839
-0.246602684025,1.605686925366,-1.085386016105
0.033201432429,0.635582812905,-3.030633999934
-0.220390652575,1.529624435411,-1.156333922327
-0.425047314435,2.001535109953,-1.741407806716
-0.467826067050,2.108828144276,-1.829502728130
-0.790175231441,2.726680518321,-3.863740712987
0.341458992838,0.350616147235,1.518140554532
0.110342093930,0.774202827022,-0.115888398472
0.491659129387,0.066782983668,2.511655257783
-0.338145957054,1.759101960818,-1.862087637369
0.087931935454,1.237561125482,3.335788621419
-0.160857509808,1.398242447693,-0.942804238911
-0.147538345257,1.384656877720,-0.751150635526
-0.342278029298,1.855748226822,-1.129842743165
-0.248249805168,1.322880982224,-3.551610971204
-0.252464357194,1.507501265685,-2.043412650376
-0.109452969792,1.245260024771,-1.083895739625
-0.183388548362,1.532143437080,-0.309419645017
0.137790386220,0.768308679205,0.462994081303
-1.038375091213,3.354993039358,-4.113851730491
0.068562271624,0.810971083300,-0.746219396051
-0.023839438963,1.373388763151,1.994877524053
-0.072749279403,1.313357308492,0.345123795192
-0.136799126656,1.449429886284,0.052526212771
-0.503983570265,2.114214404082,-2.577835500021
0.114983331170,0.924580163733,1.289862350609
-0.257120690435,1.539715287764,-1.912225644248
-0.217997880226,1.586618244376,-0.619232540922
0.129749322533,1.096227759201,3.062721727074
-0.428294834807,1.890444694299,-2.778193064963
-0.053578037486,1.440189228644,1.873849991230
-0.246178833506,1.504357065077,-1.961298583830
-0.046193995626,0.967707231773,-1.980572920192
0.159803787087,0.738409898829,0.715997633424
0.501051998649,-0.005888795735,2.099099176037
-0.543786032817,2.134893466224,-3.313982118006
0.521719127470,0.162720967123,3.987968114786
0.311871295012,0.833320652733,4.970544079727
-0.802521587214,2.787942507457,-3.578240467457
0.588958336282,-0.180082506192,2.592909958881
0.515091100431,0.064029401258,3.028220231277
-0.496691709991,2.212186324060,-1.594967217321
-0.699329777614,2.467391602635,-3.987507440421
-0.639805803576,2.553374770434,-1.897285165085
-0.489619856345,2.156921507283,-1.877922096104
0.200565190683,0.705022688562,1.328896895092
-0.164017579956,1.227512200692,-2.462928362305
-0.319829506865,1.638036162820,-2.453407516936
-0.066964733602,1.370146818493,0.960857845228
-0.024226243102,1.067598781100,-0.668214523698
-0.155219372167,1.479127955603,-0.117388509077
0.116344761410,0.978415835353,1.781189844396
-0.458298786337,2.052297379369,-2.077816173428
0.115842519933,0.913658731453,1.215226852042
-0.154270643563,1.517186303014,0.241908498716
-0.124007030846,1.360084559991,-0.395159471867
-0.134932461548,1.387203309774,-0.433923840881
-0.203193920648,1.405874955107,-1.829372234428
-0.128085400427,1.380498529685,-0.347338001642
0.130020137832,0.890242855723,1.334140417485
-0.161882766137,1.276276621589,-2.008985515144
-0.458367989708,2.027981981936,-2.300573165094
-0.117801673183,1.360288900889,-0.259897336953
0.166537630712,0.750684516422,0.988627742430
0.018086141055,0.977152080868,-0.449751458027
0.057816708245,1.018097325068,0.774667807999
0.043330314492,1.145257330925,1.560163976986
0.191126001109,0.655458494473,0.715880357842
-0.013664510808,1.147605904487,0.282318576381
-0.414488255948,1.998301819871,-1.556416082802
0.144266453211,0.723045974551,0.236048697675
0.208461307783,0.342291177124,-1.580128014792
0.032770989799,1.023243000954,0.275684748781
-0.043917348452,1.334213930454,1.163386906049
-0.576162259601,2.321214696339,-2.459151182399
-0.067968975070,1.331187977567,0.610492666077
-0.251187154796,1.291668124493,-3.890413455837
-0.500183755216,2.153749999529,-2.150353648330
-0.371194776968,1.665264486579,-3.400693165934
-0.006657740788,1.319160050576,1.895137259940
0.586747210244,-0.163593520801,2.666918982118
-1.151176066975,3.322965005089,-6.911210050191
-0.314225909129,1.477063036642,-3.721923047073
0.075470624346,0.711016669119,-1.431174260500
-0.861484883862,2.987446756887,-3.243919589337
-0.290347427944,1.664782903132,-1.576527422438
0.367684698760,0.262074761097,1.343581043135
-0.251158539469,1.676002669252,-0.608085445425
-0.583644845122,2.350971274737,-2.374018027360
-0.474139720817,2.045624077083,-2.485243896748
0.086145605334,0.786768729745,-0.555190483583
-0.224219903304,1.657855643326,-0.129911259515
-0.114772995699,1.251517572262,-1.137831407293
0.179469427423,0.716374413927,0.977592744004
-0.077505671742,1.240313159290,-0.402619403651
-0.200427557728,1.355481232333,-2.172741830385
0.292351770043,0.462866656336,1.375956591798
0.109015793504,0.906419525114,0.987487180702
0.178412352471,0.713653773845,0.918650451051
0.513651591042,-0.057463336092,1.949158231471
0.229931827022,0.608255132471,1.193072452893
-0.776602968624,2.583676006417,-4.746118313996
-0.171229912212,1.475423527934,-0.481840489199
0.154932733466,0.793165681012,1.092932105624
-0.093704182634,1.388472612340,0.540922232923
0.280206625101,0.473045682993,1.186514790193
-0.131839933983,1.301795149058,-1.084468588151
-0.144044801545,1.223129905414,-2.043884814405
0.187529423671,0.734223999500,1.295759883183
0.275515998454,0.544465560939,1.667937479912
-0.008782916535,0.719057349785,-3.291994766949
-0.287559164248,1.818141268132,-0.230410071863
-0.059576573201,1.262858077499,0.198138756394
0.147020456390,0.718961009776,0.253603088312
0.008533112591,1.030223637779,-0.203064822770
0.611146308010,-0.101151742501,3.789633864503
-0.500650231593,2.142732638063,-2.267459483759
-0.673868650313,2.510275409803,-3.052852950687
-0.558682459805,2.329396849031,-2.006665556702
-0.340272655322,1.621646516708,-3.099326144868
-0.325839178535,1.565552753835,-3.218971451760
-0.128460446888,1.132514012818,-2.466334406765
0.196644502950,0.678099292551,1.020930486968
0.072583831539,0.813537476561,-0.611560668391
-0.238200345085,1.335920466112,-3.221619090531
-0.380389751480,1.923315408312,-1.428936450122
-0.248770594773,1.664660479777,-0.614849066456
-0.022994001753,1.166745083650,0.218472484926
-0.094327274697,1.204928101295,-1.043864093833
0.040009728851,1.101240940626,1.074118437329
-0.164585717629,1.426375885102,-0.787630219289
-0.467968210908,2.151557176225,-1.468513867394
0.029181606396,0.920725334192,-0.687752063709
0.137376394626,0.429830252953,-2.441566139890
-0.331971603106,1.867456963891,-0.804829976970
-0.304657526247,1.805515636917,-0.720076709067
0.354132592686,0.562204733779,3.594166961022
-0.542618894174,2.248994173541,-2.307311620326
0.246515282416,0.517799697604,0.804663471772
-0.181253157724,1.220283778223,-2.891661745346
0.074496869416,0.890524751869,0.066556639674
0.006822876932,0.925985209180,-1.146430781269
0.196171216574,0.632804707858,0.634328195091
-0.000733114443,1.088199020333,0.065376430864
-0.071137576568,1.147011543710,-1.031353343263
0.009613079705,1.111362787480,0.504642386159
0.311190203021,0.457017646700,1.743944838013
-0.128241092569,1.422941052352,0.037306156041
-0.591031519089,2.384466652964,-2.251557738075
-0.512444331351,2.157634294616,-2.413169057007
-0.043826105991,0.876828242109,-2.729737860147
-0.258711465722,1.741930906912,-0.202420637313
-0.056658662799,1.019845844402,-1.778292578094
-0.318924675424,1.841983822259,-0.731335009583
-0.576282122288,2.241838320134,-3.125681591782
-1.230788440669,3.526224300328,-6.981549473009
-0.309870619710,1.698330412355,-1.753797535500
-0.122682184263,1.138554797022,-2.264616244790
-0.300562961620,1.745324716449,-1.100205494948
-0.166823501527,1.528181480254,0.070057531638
0.008064543388,0.966279662039,-0.761370664183
-0.311758456126,1.473603228116,-3.699117371953
-0.107457391813,1.155639486586,-1.798589275330
0.964886550719,-0.956600522718,4.493795239736
-0.202083519686,1.555857364246,-0.523371190267
0.202928314935,0.729729022549,1.633462849847
-0.186413084911,1.588188352986,0.112275344980
-0.355264964886,1.712427150459,-2.626770339686
0.235083370016,0.266268752158,-1.626355577617
-0.101199000128,1.116028096413,-1.985511577676
-0.652818369409,2.602966462819,-1.793196393347
-0.180337171415,1.430792506525,-1.078715959210
-0.611767787276,2.421470332574,-2.397810648718
-0.233214462849,1.424219376457,-2.357391115928
-0.305871108385,1.418318326491,-4.039181875947
0.908281452020,-0.928816427156,3.415015393136
0.281758574753,0.781152252593,3.819453416471
0.047331435606,1.099585901918,1.233782788335
-0.812422506252,2.850247791965,-3.301755262997
-0.214443954172,1.525590385795,-1.033871324642
0.001120945130,1.014251847735,-0.523825667057
0.011718416069,1.155594122828,0.915275503876
0.012535882989,1.095052501308,0.427285634005
0.146862783088,0.509578089448,-1.524419020757
0.278439702613,0.540130132388,1.697332531810
0.000081986664,1.059091730818,-0.189761804575
0.376510340212,0.372515845121,2.490443526943
-0.147216687691,1.450277505156,-0.159921775967
0.120404400343,0.855645297114,0.819802547004
-0.049954051456,1.189210230664,-0.205594572531
-0.075863544813,1.318379663510,0.314312801128
-0.292855846397,1.668271558692,-1.619793574374
0.074230380631,0.922892113907,0.360439782856
-0.078903438608,1.146640021198,-1.205904850001
-0.365377464721,1.904654077087,-1.228272640315
0.238604931022,0.655640717767,1.790611934585
0.381018149521,0.442522834066,3.208797826329
-0.293004492022,1.730882806697,-1.096461381557
-0.077680997095,1.136258357492,-1.287283528713
-0.137375143430,1.303635941117,-1.177007813543
0.987417880299,-1.094083419823,3.839813108673
-0.203072662550,1.370858961112,-2.129723864987
-0.132935095943,1.409676224252,-0.194626924824
-0.704396937811,2.557754068278,-3.326127002339
-0.029073510259,1.095204258123,-0.508322553317
-0.208914918755,1.484993955690,-1.261456653181
-0.166092051442,1.526195971246,0.073783836630
-0.064107612198,1.228975603188,-0.157092152627
0.325663074880,0.422163438713,1.773623397382
-0.136473774706,1.474026267677,0.280632945992
-0.141122869183,1.146080194078,-2.627065043190
-1.728493595958,4.875307927837,-6.758343322706
0.131591880046,0.280976937222,-3.837223560043
-0.426411496881,2.038942204537,-1.482285905931
-0.091659268759,1.066516849037,-2.174168878637
0.538027389060,0.267213152006,5.255999036579
-0.352095410854,1.871043945093,-1.225952372061
0.080832480977,0.832198290271,-0.294428157698
0.168453809934,0.997904074713,3.140084798633
-0.264628517714,1.662594475908,-0.992217270681
-0.594171941464,2.344118539979,-2.683950264065
-0.073172062279,1.292802987567,0.179191256138
-0.526206838405,2.291599785536,-1.562601542396
0.061528060811,0.689154712781,-1.958361844230
-0.512752463430,2.143938311201,-2.550509256992
0.108469301392,0.989836543801,1.700839463828
0.368560516462,0.255220286072,1.321232172936
0.036369447634,0.976101778613,-0.032433980285
-0.236296853506,1.442853780933,-2.271104213363
0.174192875871,0.750132964063,1.148804555584
0.310890690912,0.596516698816,2.914487635794
0.154377146492,0.694641941537,0.198446607852
-0.659288965459,2.534424882605,-2.507537505670
-0.119571401000,1.111415593209,-2.426416089448
-0.360911663826,1.831006248912,-1.751447331919
-0.160723592560,1.415900436016,-0.789584302317
-0.136890468052,1.319479013594,-1.071551883782
0.422750405221,0.141869399920,1.587822281474
-0.235025838607,1.670287920932,-0.255370407625
-0.032861308155,1.166981314335,-0.012345359444
-0.015056744868,0.764166476340,-3.009204469190
-0.049425830613,1.328237106832,1.015102848532
-0.072124091216,1.215946226969,-0.479091951393
-0.176254125829,1.311284601038,-1.994616218057
0.045731660035,1.063849356068,0.901951100936
-0.008530489005,1.011559720619,-0.792500107333
-0.061309539310,1.266174333848,0.206318922134
-0.176109522333,1.364066405034,-1.565561909465
-0.098607715621,1.428312130571,0.756874501671
0.119285349908,0.513382443888,-2.123954533694
0.059722042487,0.937879577329,0.156492481307
0.354768343855,0.298810628022,1.399338647896
0.941548760649,-0.915316955386,4.300291671972
0.631595328984,-0.321655791576,2.342735648020
0.009348775588,0.994322368459,-0.501685464492
-0.494324694156,2.074521180659,-2.725088048773
0.137636709690,0.694243760925,-0.175223834580
0.091194246365,0.986337047871,1.281313116712
-0.324666295813,1.712354697578,-1.967042287768
-0.031324243975,1.175534321351,0.111049517248
-0.060360552930,1.218701065878,-0.197992701478
0.114943549826,0.823629418303,0.439920102243
-0.156957716449,1.264695337236,-1.948987771338
-0.674917130444,2.575335510833,-2.513999754635
-0.789075940257,2.746082905437,-3.636050537537
-0.006831033180,0.960175618355,-1.187436249010
0.054913643712,1.157433247734,1.932365945656
0.310619783120,0.420756810268,1.436755288151
-0.725125585487,2.601350280141,-3.417615364478
0.018792498506,0.667188881637,-3.106838034567
0.133825213788,0.707003644658,-0.151490688080
-0.555205998660,2.305327146247,-2.102152505475
0.024858159093,1.187984040800,1.487932436990
0.174039131456,0.714724070941,0.822215102881
0.188023248355,0.849150823317,2.282949457563
-0.493272273533,2.148523782803,-2.069873359460
-1.399516461858,4.213996547971,-4.939164470347
-0.178473866855,0.849734888028,-5.995565033689
-0.449029853475,2.149114838165,-1.035710047265
-0.167124765679,1.370413850002,-1.286795838418
0.633816926302,-0.224734648580,3.225138378604
-0.025277215627,1.046115433374,-0.857352591208
-0.139722244352,1.386311284440,-0.567231800810
-0.207200885169,1.546684483890,-0.696695154532
0.303807253931,0.503310892442,1.957828835187
-0.613615258195,2.394519479495,-2.661868818044
-0.466098007111,1.963558735114,-2.992129296007
-0.005305841835,0.945906525929,-1.254522473084
0.558414837950,0.012625389184,3.564351826227
-0.434696566458,1.950712113437,-2.430502326192
-0.002338057018,1.127417494429,0.352524383013
-0.052494694018,1.242884358550,0.209300082183
-0.434971568558,2.000973655335,-2.001918808788
-0.566974300157,2.109496046611,-4.028912281105
-0.195822666832,1.352851062977,-2.093773277358
-0.833673279324,2.862362051651,-3.653974165190
-0.136605590789,1.336588667501,-0.906533268154
-0.618200993547,2.296282725117,-3.637042316393
-0.173394221816,1.271093931237,-2.270501536380
0.312802852412,0.464203078498,1.856870256860
-0.163079355427,1.388504933403,-1.052715745549
0.115016086726,0.807209363288,0.279440056363
-0.031807622828,1.226071108596,0.539512432935
0.401474518489,0.448455060700,3.727176833279
-0.467735134992,2.164212752964,-1.356283636742
0.102080354493,0.923580597207,0.985704458946
-0.022206367771,1.225851344210,0.772095947839
-0.426447662740,1.986506860939,-1.920863292772
0.098709697450,0.980719981948,1.406613436074
-0.004680109866,1.189912787032,0.832099957881
0.543782350083,0.103131768705,3.969155760484
0.026678560700,1.025886015379,0.162420366769
0.081749031639,0.983877746201,1.019175497152
-0.412332856820,2.007342175605,-1.430512772603
-0.187989234667,1.186916464942,-3.330193553681
0.190218219135,0.023123122524,-4.697257282135
-0.376492598891,1.885012235865,-1.655198101271
0.203597858991,0.769829042522,1.969148004510
-0.036559859618,1.122562685367,-0.461102371929
0.866993189401,-0.807628838991,3.522097001882
0.238333776542,0.717293514644,2.310744347623
0.189409959674,0.655013372599,0.664603328955
0.021474817367,1.078668643107,0.476417128803
-0.005005793330,1.139409836694,0.399124836379
0.282182660572,0.536840786793,1.746259498542
-0.093474721020,1.350834797951,0.216112353818
-0.224974528427,1.664880766805,-0.098704346794
-0.358654713390,1.524709149739,-4.327954407545
-0.165658433393,1.535680213028,0.127844404533
0.007844270608,1.028323360614,-0.273118378272
-0.501705575111,2.070411770451,-2.921708917215
0.099222097110,0.855213340451,0.345307744602
-0.392082419939,1.911255459118,-1.802120582776
-0.390033190386,1.878726354288,-2.032584756876
0.123536030564,0.979908735322,1.949759386384
0.139918279990,0.763128741536,0.476497199177
0.183720883343,0.661179990696,0.579634984558
-0.565618898478,2.057311843976,-4.469528517763
-0.972571372427,3.292703458316,-3.122168870605
-0.036466263903,1.111783138228,-0.547836115967
0.279388989650,0.507476678083,1.469791628551
-0.222383070459,1.491561911039,-1.530917585402
-0.198636705794,1.387003274118,-1.885686103948
0.093739311841,0.956314654096,1.075029874907
0.449540218580,0.172796155346,2.464125467505
0.093160356701,0.823572860310,-0.090909819440
0.071885325277,0.698470640348,-1.644210090096
-0.129134312148,1.296543766231,-1.066973619431
-0.178992896933,1.385666172653,-1.426597645463
0.192773765888,0.635656311626,0.568114014020
-0.561323459143,2.229431120665,-2.876201889369
0.067843560697,1.110227745282,1.811272276090
-0.122723478521,1.478416791855,0.634776573771
-0.285071211067,1.309984078355,-4.469721239952
-0.661892657921,2.561298007449,-2.343884469924
-0.165409333756,1.288499755062,-1.981340341970
-0.409752930996,1.684713718755,-4.137098085793
-0.156221460273,2.055964674202,4.819188844885
0.034462095524,0.853618751220,-1.156406791382
-0.269733384226,1.721348325619,-0.649020664813
-0.076474332744,1.232485008582,-0.404936865319
-0.461003347116,1.826308062694,-4.075062643708
-0.177391532528,1.450574360050,-0.837793544181
-0.029417926961,0.798733925880,-3.058239813402
0.307161327035,0.376761062614,0.950178234188
-0.136429088494,1.081998011420,-3.069289212234
-0.212343916386,1.542325426669,-0.841060291299
0.031272731532,0.901487981769,-0.825889185253
-0.405700810890,1.919699909167,-2.010760908872
0.005434638493,1.082594880309,0.139520564770
0.580275026455,-0.097159167511,3.109234740528
-0.456912893859,2.131494678479,-1.367838160952
-0.156517911785,1.505889863962,0.076738225963
-0.152362778588,1.515611963850,0.262182604331
-0.054730252329,1.186497774715,-0.311329685483
-0.052168769704,1.165591098465,-0.451633766122
0.164657939606,0.705381767941,0.522732658058
0.108968617397,0.814546689925,0.216835805142
-0.077702407837,1.249878213338,-0.288436794818
0.199394053777,0.726008216526,1.484979291232
-0.065895514406,0.953239734783,-2.576232625072
-1.150045782849,3.671862632019,-3.936737868594
-0.111779355619,1.136868568205,-2.064094239878
-0.041458224687,1.197871340334,0.097512441939
-0.180018163280,1.290847473227,-2.257189283211
0.009917569209,0.907399107465,-1.255536682640
0.102217354596,1.050921767987,2.063270971380
-0.059033977571,1.071321559840,-1.416320264856
-0.952721543674,3.113284778531,-4.241536253639
0.103956907590,0.982139441047,1.508799014458
0.008546696233,1.034979629605,-0.177406823148
-0.285712639827,1.678552441482,-1.359714083333
0.068578178366,1.119466430118,1.915212076869
-1.366752677403,4.115263929387,-5.038080463857
-0.217714168875,1.299721921497,-3.035356760775
-0.337205113954,1.864112984686,-0.925205562979
-0.797427892235,2.808862821412,-3.320372506532
-0.090392507953,0.839561836050,-4.088123906712
-0.151201838627,1.399359213571,-0.695022621543
-0.220489938162,1.642922227892,-0.173460603975
-1.221159781981,3.842508225857,-4.077030411020
-0.060205854711,1.028308593070,-1.814248248524
-0.823668418954,2.871588334075,-3.366572418623
-0.293738342398,1.503697647997,-3.040830598659
-0.236439056686,1.653969089176,-0.454724580731
-1.573751520430,4.325025651049,-7.972022786702
0.054670053098,1.238364054515,2.589448667750
-0.134935184015,1.450141896585,0.131757499137
-0.409333091295,1.965617190668,-1.729062582432
0.219004000203,0.119135441010,-3.250239955771
-0.116739132772,1.307906111993,-0.695688655270
0.181777652179,0.681819287262,0.709907718586
0.259927905169,0.556123265026,1.408153769940
0.051919070950,1.053308113614,0.974239518851
0.297118134196,0.405912441537,1.007017136106
-1.403006930269,4.198427269056,-5.157837392600
0.018448247927,1.023338300268,-0.042883342693
0.397736246141,0.265883545372,2.046724730154
-0.760002811910,2.744804916412,-3.012084526184
0.022440997641,0.831885846965,-1.613953992028
0.043643439469,1.221271057245,2.200137460354
0.127981594918,0.742656126932,0.046160552096
-0.115291416083,1.265029141842,-1.029562666169
-0.532221465399,2.207348182448,-2.420436914432
-0.070223930502,1.284912320269,0.180344686679
0.479696489982,0.142632274173,2.870068664728
1.339485620627,-1.891279433217,4.988455558228
-0.301381451810,1.747056805521,-1.142169120235
-1.407644741923,4.249585211653,-4.848963714553
-0.107814574631,1.439067526032,0.637314119997
0.742422419705,-0.534789084969,3.050108990372
-0.209947777840,1.461022328260,-1.483050920222
-0.111062335384,1.078196186318,-2.531294216300
-0.094050353570,1.306671214130,-0.188005402717
-0.325180751174,1.813689738840,-1.093493596804
0.052741329652,0.477836557248,-3.947019721770
-0.591081088164,2.261684429660,-3.303467850991
0.182207669429,0.521095108368,-0.629078244920
-0.265462778167,1.545073208797,-2.062235409297
-0.391179914156,1.929408551399,-1.623087424212
-0.282877323060,1.580936340474,-2.112141959605
-0.693559153520,2.599611736381,-2.755290060225
-0.145186003262,1.490773055676,0.234231760625
0.103951003735,0.900267074537,0.850720431283
-0.994029984244,3.257891502459,-3.909131511419
-0.105093140292,1.126101332504,-1.985509524375
-0.363170192089,1.945963524061,-0.812177327423
-0.317062393826,1.769837389402,-1.288035487334
-0.234820436552,1.453558945710,-2.107233658153
-0.189125935833,1.487468981917,-0.823722135415
-0.070508151930,0.932790974348,-2.833696103794
-1.693236638662,4.881209388551,-5.927415583000
-0.124248441673,1.268576850759,-1.183056289518
-0.172510692202,1.732175607350,1.678521616584
-0.117903425723,1.771371977455,3.237127509028
0.043870243837,0.786680283075,-1.489025708237
-0.072096143417,1.308120636169,0.325082282938
-0.362189849810,1.664322526045,-3.192612482735
-0.151559984240,1.347648359590,-1.157587557751
-0.306632447238,1.657685449541,-2.004321325854
-0.959951921723,3.049316591203,-4.942511348559
-0.347413378876,1.621046631098,-3.231906007241
-0.143839369020,1.537420690446,0.633416064824
-0.154718227241,1.303323869869,-1.602603329622
-0.234907933118,1.612557057176,-0.758031049312
-0.291206515286,1.655148591778,-1.679675982974
-0.143141473382,1.384309407791,-0.655318237490
-0.382775249810,1.778554253046,-2.683585622784
-0.894631589071,3.127855885580,-2.791770246354
-0.110078378719,0.970672590975,-3.416066729690
0.183229798931,0.634537815297,0.353019081656
0.635155092080,-0.240163690903,3.110803690354
-1.039062921377,3.360595922537,-4.084144645050
-0.112144529210,1.301835045391,-0.652933735265
0.426796471592,0.406077299122,3.904760480121
-0.083331106750,1.460596910945,1.352710678637
-0.165900120798,1.411250781312,-0.929426788962
0.243057273314,0.587578421958,1.332742481537
0.510446984890,0.154126430070,3.648914721377
0.171309273172,0.926259524112,2.594537065161
-0.035563849501,1.140351806238,-0.274514475248
-0.055361380305,1.158306656015,-0.569457416662
-0.029179988311,1.197203421060,0.365536889242
0.149030760170,0.849860899795,1.427225306890
-0.084480549396,1.253402472716,-0.420014449321
0.147536256195,0.691167967863,0.041220036685
-0.250341195497,1.637871911244,-0.898677256522
1.194917399897,-1.533244930746,4.764436045201
0.178040556705,0.776227288084,1.432307024993
0.272824467683,0.534241009405,1.535542473360
-0.052775855519,1.125865061883,-0.780305631873
-0.107423829136,1.118526513293,-2.118892319449
0.230310343395,0.042543532555,-3.639119016735
0.110513520590,0.775470323938,-0.100715843318
-0.133931155581,1.382737649720,-0.445915970778
0.306644832453,0.580465894744,2.682118454962
0.277554290497,0.567310292564,1.927357450722
0.134614159936,0.751917748677,0.254712443952
-1.142782479937,3.703072266800,-3.471273151063
-0.177522330592,1.519340924724,-0.243740863261
0.263096386216,0.642570451667,2.255300213967
-0.859854697202,3.034689074582,-2.769714542172
-0.212971061453,1.555321343759,-0.739484117654
-0.059598669410,1.197905882741,-0.355693641347
-1.017274190992,3.330766771783,-3.838494700207
0.100334502885,0.891668944785,0.689919097762
0.181371296396,0.686621146892,0.753498397770
-0.689026878908,2.562239201408,-2.932597580838
0.304349979858,0.556758101835,2.415894277645
-0.405122550671,1.892268733860,-2.242737755370
-0.058135617115,1.029443997815,-1.725351208575
0.151893425859,0.839194824077,1.397225596287
0.137398153640,0.880661831969,1.421134326631
-0.826335249248,2.823718365426,-3.842073288994
0.245658618440,0.778662045345,2.984877386142
-0.432108102295,2.033742096805,-1.629166301947
0.173217096485,0.951726963021,2.846891242154
0.491998489443,0.136653378557,3.083851838767
-0.143321940338,0.807197903097,-5.588575486540
0.121898481195,0.955145469654,1.689510097671
0.034676750475,1.082321424459,0.833041494510
-0.232750000435,1.483982052871,-1.820230556488
-0.776867547771,2.848774093559,-2.491602433253
0.178285651655,0.687468193439,0.714792363985
-0.149874589206,1.484243717750,0.066631367570
-0.252599630821,1.556222755001,-1.663413013152
-0.880945997942,3.059404439195,-3.075375473538
-0.052027465865,0.944996395967,-2.328132119888
0.346181659569,0.404728730664,2.109046345678
-0.055489877378,0.804384016574,-3.580949484443
-0.459859802699,1.949794654077,-2.998750491910
0.325160339598,0.613171955666,3.400297628068
-0.274658777674,1.350357946151,-3.913749432449
-0.173880503238,1.369004494687,-1.465564171549
-1.407794812986,4.199840142246,-5.240707047066
-0.163459723103,1.413713228945,-0.862512978498
-0.557097315126,2.380655272198,-1.518988926784
-0.347810553680,1.834835413828,-1.434926892971
0.228269635172,0.566096728440,0.788364172709
-0.059621315371,1.106199092583,-1.124950439101
-0.035579939522,1.167095867990,-0.048312110337
0.085832842091,0.764829667315,-0.753301684467
0.364437762967,0.268312299880,1.341970012869
-0.212767966414,1.566462638721,-0.645077169544
-0.109722798086,1.389720144987,0.177104313693
-0.135722344527,1.361796466202,-0.675071608268
-0.224200577139,1.516846066210,-1.362735164719
-0.225229833197,1.524541953053,-1.323887153118
0.121974081286,0.928584943096,1.496084274420
0.172123493168,0.200920399064,-3.595713022510
-0.129003092875,1.342097272825,-0.679764868374
0.094267186279,0.864183618450,0.316772768673
0.011359059486,0.668228435272,-3.230667519178
0.118103112515,0.758209714531,-0.085183699530
-0.123222596608,1.354782027768,-0.420689341076
-0.084403641009,1.116820500268,-1.588957779972
0.081459449210,1.205402822195,2.903167910936
0.145613358107,0.724890262314,0.251938611233
0.120237512775,0.814926597674,0.481331543659
0.060525859264,0.689447030156,-1.940548468713
0.009886226996,1.048015959384,-0.049609765628
-1.544818824197,4.490200940390,-5.867984801597
0.050222622016,1.012705097750,0.554437017279
-0.100782026534,0.827231869005,-4.416315351816
-0.258871550568,1.642873222032,-1.058276690706
0.326432530169,0.533777828917,2.738574377964
-0.899044534576,3.062817248140,-3.445826541877
-0.099732757983,1.246354564879,-0.825657987821
0.004029760941,1.008703904205,-0.512366831190
-0.055518424295,1.045712656568,-1.529150963275
-0.044171455803,1.210871495604,0.118949755525
-0.050688758969,1.177820928360,-0.288255871736
-0.087734201746,1.706494218755,3.351386628078
0.117076370536,0.895033933683,1.086751065418
0.002707620853,1.182918328573,0.960758270115
0.058123165323,1.106853003807,1.533772630095
0.142654224076,0.798229059442,0.851490429251
0.007052099602,0.756092606853,-2.577364591096
0.048688707709,0.771412463743,-1.539435879512
0.545957096458,-0.014636644438,3.015922474731
0.046869755938,0.918362965945,-0.318628677440
-0.223035608764,1.590958249732,-0.661335457262
-0.407946295810,2.060800203903,-0.842983721709
0.132720587408,0.803056731621,0.651126214467
-0.103164380047,1.265650198586,-0.761043052496
0.217902782871,0.821704555530,2.752171600819
-0.343877977739,1.654395421500,-2.891922572188
-0.322241206823,1.846052193483,-0.744973932033
0.361374353164,0.343128172561,1.884613358234
-0.103812985993,1.199021978681,-1.314377384592
-0.006601731982,1.035763263838,-0.508231603084
-1.556314945118,4.473132369207,-6.268512180976
-0.364566089915,1.707483614272,-2.918248456398
0.480456034511,0.070323926352,2.286839226403
-0.967494796210,3.202594162159,-3.810557753961
-0.052733119817,0.968198244192,-2.126229362856
-0.183197078895,1.338015622458,-1.958201680760
-0.201616718016,1.500324740574,-0.968754363250
0.559938250554,-0.103634696524,2.587965639626
-0.347126039437,1.830815608432,-1.472440263281
0.187238203459,0.696081415932,0.969472278659
-0.268584304006,1.566296964954,-1.948389573114
0.107770408395,0.923939680895,1.115050737051
-0.422879870222,1.870796787370,-2.805412744333
0.763134719241,-0.517271159076,3.664061340726
0.477898378308,0.114939953352,2.621560256453
0.138177664400,0.589085087461,-1.040566276063
-0.445031620769,2.078130976041,-1.565947996380
-0.119845441105,1.075035893460,-2.744082911734
-0.021051634690,1.070124208879,-0.547754165877
0.047241936412,0.703083304630,-2.141075817935
1.056335426492,-1.199843175644,4.501703938912
0.062507875785,1.255955380386,2.927489867982
-0.238431720736,1.475664508301,-2.016825038567
-0.234635788493,1.388234767061,-2.669650312516
-0.101137329361,1.141503600426,-1.783246985865
-0.560194097114,2.080411867060,-4.149219321214
0.185315461901,0.639697615075,0.432991790827
0.325426824716,0.507623586236,2.481808225799
0.147265319028,1.061182152442,3.163190024101
-0.007098696054,1.172702540881,0.644329666891
0.188888814289,0.656597476039,0.671188568181
-0.063641049870,1.189704767126,-0.513229854500
0.272581676714,0.674213145028,2.714931156214
0.045461034623,1.179816511086,1.896633326849
0.070259166722,0.812565396041,-0.661240621361
-0.176676370273,1.377271859491,-1.469864104928
0.287301579709,0.546255070037,1.962526413267
-0.134880313461,1.820375614965,3.266781425019
-0.578349839314,2.348300014756,-2.253848035483
-0.183218104272,1.424571118597,-1.179573888156
-1.047943675135,3.449480873357,-3.504759118587
0.187834209976,0.817911476083,2.029900951132
-0.578783706191,2.215461111787,-3.396845231867
0.137571428997,0.676166157237,-0.339949627949
-0.061887693263,1.233789373244,-0.069292585263
0.201750601758,0.664314481143,1.033962543057
-0.078022774888,1.171993928232,-0.979371525648
-1.085256576939,3.488971611508,-4.040201328001
0.311087230455,0.544392653940,2.479179444028
-0.313658738474,1.723021822962,-1.599608553487
0.146436876229,0.785237097027,0.793992566295
-1.243249941927,3.815190564201,-4.803603122059
-0.325799664761,1.434426355040,-4.335863633012
-0.405279985321,1.883358485909,-2.308793485110
-0.315728148975,1.853094637109,-0.537358700091
-0.302254385618,1.782051702752,-0.869089314053
-0.654780714747,2.548551945058,-2.315456854223
-0.258731757116,1.626298841449,-1.210189814948
-0.094753637667,1.362103117688,0.278367391898
0.172958370142,0.770690082892,1.297665186900
-0.411100007223,1.915793418250,-2.150654505082
-0.041086690680,1.253137064269,0.544788447520
0.120855514396,0.351539952843,-3.487471117555
-0.360538426209,1.645454116882,-3.313288328537
-0.790600351735,2.527566135981,-5.533759920855
-0.215551023380,1.479752891105,-1.465559940934
0.243491632061,0.621249851722,1.590103085323
-0.213396600886,1.346534211083,-2.572737846879
0.132247078069,0.853077679715,1.044632910534
-0.656468832413,2.573166286351,-2.135508702929
-0.192822222407,0.999368959636,-5.043441398101
-0.256177742960,1.562102449402,-1.700523136521
0.290792859195,0.548127869727,2.055752393543
0.210395367736,0.654124234567,1.152678708784
-0.545178238923,2.393256070413,-1.153870746281
-0.102030560467,1.366106216923,0.156204998883
0.142563993341,0.413472898217,-2.464288499091
-0.472144035179,2.137928484492,-1.648671410797
0.230866560561,0.669595995002,1.759076693075
-0.610145111708,2.456814003237,-2.057770594346
-0.927701321656,3.092759235560,-3.829946987571
-0.920528800689,3.014833568534,-4.339423991733
0.359485968760,0.302248114341,1.522078664659
0.031378711323,0.779002486196,-1.859369939268
-0.217015716103,1.656830140986,0.021273919361
-0.352508303556,1.790003397361,-1.918706397146
-0.154357750391,1.421437233681,-0.576779768166
0.130769837294,0.753172100439,0.175032397761
-0.124476830423,1.159237235442,-2.116253946589
-0.415883144952,1.632490690884,-4.706686949081
-0.029736737564,1.000817850747,-1.354245465317
-0.031179513038,0.759675458258,-3.424861430684
0.180166638986,0.646516032156,0.371008825506
-0.077779023093,1.477105542637,1.633719861137
-0.034572298146,1.158818320822,-0.083390095864
-0.270647369345,1.594321755484,-1.736473972446
-0.275481099923,1.636654619560,-1.495057633765
-0.054794717279,0.866318477176,-3.066544693580
-0.107680714176,1.294052386478,-0.597056918188
-0.322305557591,1.390331961151,-4.652412963041
0.138492669714,0.921367493454,1.784852192190
0.245169204623,0.507281514942,0.681831792438
-0.535885178067,1.782477356995,-6.149633535438
0.804848951310,-0.614318605084,3.804309649246
0.314304554117,0.618945595378,3.214540746668
0.690339772595,-0.450495533112,2.564985919764
0.144085935172,0.730894279225,0.294967432175
0.215480821416,0.283281038397,-1.903070496614
-0.111131887889,1.392379386111,0.163745416663
0.169175076426,0.681460612121,0.433723220361
0.037874379660,1.025657494719,0.412556453342
-0.163084563421,1.164252673058,-2.950276798718
-0.499831523697,2.184992736887,-1.890059700601
0.052715156890,0.928216515353,-0.100077261743
-1.485574363702,4.164904804664,-7.343800434954
-0.952626660149,3.159526226105,-3.815787338106
0.257163215849,0.497787453798,0.839948288981
-0.228001256289,1.525870953822,-1.365321418389
-0.895649074510,3.100920407569,-3.044643423270
-0.079762392463,1.423109206001,1.140170333776
-0.901229797238,3.112608564552,-3.040328330206
0.074257546834,0.881705669580,0.001792636215
-0.421332485337,2.040736414965,-1.323449425379
0.092010552493,0.693212035975,-1.219227070687
0.243176326639,0.658592713108,1.918701732373
-0.429868520388,2.093056441470,-1.100262891261
-0.391793413831,1.393663982354,-6.203227956024
-0.514079956210,2.283334903451,-1.344777569384
-0.237901121878,1.543902823359,-1.434323558313
-0.011375945772,1.221589552990,0.958551648946
-0.127278214193,1.414545141152,-0.006376116199
0.077299359359,0.866907415751,-0.059088976708
-0.593925639455,2.452628626325,-1.713260791345
-0.015101183496,1.156320726340,0.292312792946
0.118357942434,0.874424095891,0.952453769676
-0.116923215470,1.419173379819,0.241059793030
-0.019435244852,1.142465825844,0.088497077658
-0.127328557542,1.376104256368,-0.351350678096
-0.735738206441,2.612103204279,-3.573870305032
0.289792868751,0.837225953960,4.478715764480
-0.013815586398,0.914086914795,-1.701384260772
0.044121459652,0.995843725487,0.304526482454
-0.937095476277,3.127276369045,-3.773025211853
-0.572172393659,2.374218051179,-1.903713695448
-0.209349773875,1.637014079087,-0.001300655732
-0.224590525228,1.618512981544,-0.480244845206
-0.093093153127,1.148686805980,-1.497966586430
-0.119085204146,1.327517889376,-0.561986358383
0.138547864239,0.785372150140,0.610389681022
-1.203395873372,3.743810259062,-4.514853134790
0.097943780542,0.646774979586,-1.481344719468
0.269780649486,0.635278039913,2.322462060170
-0.298803432466,1.726392487171,-1.251646601397
0.194674503730,0.730005719341,1.440287546538
-0.335961954128,1.820360230229,-1.264428980452
-0.670473174019,2.433186123740,-3.630867016479
-0.349050793440,1.799640845816,-1.781147847884
-0.060784960694,1.290563923541,0.423397316967
1.655598291212,-2.622030870747,5.908729795935
0.289276666442,0.564107339386,2.134477828659
-0.192316006691,1.489004010039,-0.855438888846
-0.130255648993,1.081277171077,-2.914763572388
-0.042919217462,1.225046351518,0.295761131523
-0.391521623633,1.901354246730,-1.834184535643
0.764421641527,-0.633717791715,2.679353421622
-0.138361846052,1.206038735626,-2.072607138035
0.093099816454,0.520162833502,-2.662062580802
-0.441690977264,2.042935421313,-1.790024455325
-0.519080854860,2.076002843847,-3.261192848047
-0.079474676469,1.277660465744,-0.098370652008
0.054990882697,1.019639383113,0.732464194003
0.173283323658,0.796022856416,1.529834713489
0.035780156355,1.076875938500,0.791952326276
-0.087480386615,1.257236119720,-0.444624483172
-0.853346837113,2.985591348345,-3.048822156962
-0.026622053763,1.235324896623,0.725974973617
-0.140875597102,1.319093429803,-1.124190697842
0.045278877545,1.360079214619,3.424715498918
0.177017299075,0.742908148415,1.142215523436
-0.071389848951,1.389218949899,1.019104017724
-0.041912943644,1.125175597723,-0.576769835375
0.625025881070,-0.331707728664,2.106506814411
-0.487927883123,2.200719241927,-1.482839025456
-0.146423877000,1.176315270437,-2.498886297299
0.151860234789,1.043626902571,3.142539439196
0.069356752125,0.915786038408,0.195061573074
0.044557688232,1.041573246680,0.678824408612
0.440736367396,0.322830687936,3.542669234571
-0.271725116797,1.664491740207,-1.144591771725
0.204226966325,0.707054469274,1.474058171011
0.110963158904,0.946544850921,1.380327250035
-0.529724773951,2.237182503579,-2.104295171948
0.109523898819,1.009786508259,1.898166005129
0.224985564050,0.603105641283,1.035635041771
0.110028722415,0.685799955086,-0.875926695479
0.642870184029,-0.324130499893,2.565305912913
-0.254362630351,1.689329262360,-0.554555993202
-0.021687639430,0.978227555088,-1.359114550192
0.045951501244,1.007672039719,0.430638611600
0.190876184143,0.683313716961,0.967374119093
0.041972763067,0.956562782312,-0.105704589557
0.005600345933,1.196801699719,1.137954228377
-0.526083527515,2.235540717348,-2.057719146760
0.064016138868,0.747464089030,-1.404105623697
-0.361336073756,1.650224111567,-3.294673231279
0.169524192777,0.711402761117,0.678156473278
-0.005678085297,1.014662588457,-0.679219219145
-0.101183743684,1.668586433750,2.729190510702
-0.006264420157,0.910973463294,-1.566065968084
0.088533054112,0.876465835814,0.297505106487
-0.978707465364,3.020401177461,-5.605532141090
0.033985972487,0.336468858411,-5.575835580857
0.005942690158,1.107963306675,0.402994101844
-0.125604452441,1.327606599773,-0.703084117517
-0.065470621517,1.285147324944,0.267057126107
0.170125142331,0.697737587587,0.584249274185
0.076845136928,0.924189787529,0.438355775798
0.347304932603,0.381560068519,1.907420394522
0.472819135317,0.070340726006,2.104927034233
0.077611235443,0.960459749295,0.735797261634
-0.010114179355,1.223988637872,0.990952974030
0.766046892527,-0.590355033468,3.096490530302
0.015425391265,1.064992717628,0.211095731839
0.039943781450,0.970355676778,-0.000686175214
0.179413652136,0.846046713004,2.053121093258
-0.357750438050,1.751343175213,-2.348359704672
-0.275773374560,1.723416008283,-0.753669019636
-0.381106437555,1.640163332626,-3.866675333245
-0.120086947318,1.371840250481,-0.232659070907
0.050479837262,1.097453195421,1.278232150506
-0.516091419561,2.200052924883,-2.108279500241
0.133473836782,1.034713160269,2.665528457368
-0.260299989064,1.345925553488,-3.600519063885
-0.003710146507,1.070984322726,-0.146847219457
0.153430732810,0.900304906977,1.944073581371
0.016151353857,1.200152398102,1.406589822602
-0.545074916762,2.303261106463,-1.880915576359
-0.527654510928,2.265065545416,-1.844568520225
-0.119094376180,1.348389688731,-0.406819211259
-0.663513300348,2.539433963015,-2.565298129712
0.011259110378,1.090099890738,0.366496127478
-1.386852680356,4.241855770817,-4.428966810092
-0.221858064961,1.564226702464,-0.874378466858
-0.239798970927,1.654838391533,-0.507033464536
-0.431481180015,1.903685367956,-2.716720067574
0.099194815353,0.506329998568,-2.658190977869
0.058373394887,0.966232758633,0.346520245875
0.287896197935,0.605317347037,2.462902977423
0.018798477538,1.119474234375,0.789962063677
-0.147073756130,1.398319281883,-0.630865232066
0.247343989951,0.509828509082,0.742650249977
0.020371444371,1.331289260465,2.600631176189
-0.582923923204,2.371316596215,-2.163294535152
0.056070521682,0.735288439203,-1.670504588507
0.176727975410,0.800358319243,1.637538501821
0.085403656619,0.881221224955,0.234804970910
0.024486074492,1.127865144711,0.980127991599
-0.166964265173,1.512642569462,-0.100686285970
-0.586508784855,2.427844131423,-1.768311762820
0.009048887238,1.034345358492,-0.197789822661
-1.326891201518,4.069949666399,-4.548199921338
-0.831481762565,3.007012727772,-2.394940702462
0.167684000520,0.819978868943,1.580417336686
0.032262909216,0.630181984125,-3.098510211106
-0.270109955371,1.741034670245,-0.457400484940
-0.304741779439,1.685095918715,-1.724362929023
-0.398232119904,1.915824572424,-1.877376320214
0.009968474093,0.773139420831,-2.394377829196
0.299560009442,0.444913935726,1.367596926921
-0.232496104872,1.604329067097,-0.797817898542
0.214086424216,0.832167464525,2.766437179176
0.147086030276,0.208444156133,-4.081936645397
0.843589055599,-0.762858599815,3.393729997762
-0.003329743026,0.753101964727,-2.846012082249
-0.323669960548,1.844898978392,-0.802123509508
-0.041980656746,1.124265849649,-0.551691655485
-0.440363758469,1.831759956540,-3.556998467497
-0.329780513729,1.818006867669,-1.180102332397
-0.039313447551,0.949926403864,-1.975399724710
0.061130392545,0.925061931176,0.084910966593
0.173219697847,0.773182400939,1.310255851739
0.462681220484,0.107527534232,2.174685030450
-0.413448346303,1.831809817557,-2.945771920481
-0.162415429671,1.472114906806,-0.324296548899
-2.153811485705,5.853235321132,-8.040716027110
0.626837375353,-0.213587885361,3.162419898090
-0.180133621010,1.528887075206,-0.251762559542
0.081912902447,0.576086946213,-2.456240553988
0.086607078810,0.863644451332,0.133470194959
0.158597874760,0.533795375483,-1.044561911594
-0.314981937026,1.721258743510,-1.672127414837
-0.154059001302,1.284164413601,-1.743157404263
-1.219223031433,3.619858180422,-5.925816778013
-1.070028716718,3.539750998673,-3.254970158422
0.044591264689,0.476098216761,-4.121991677323
0.438685439645,0.119686515408,1.761220425447
0.299358030280,0.441653457405,1.337937305509
0.100994763695,0.868957924937,0.471531936686
-0.033713240086,1.185081344053,0.119503232257
-0.017660915250,1.198127418238,0.639231652116
-0.406372721987,1.955402196593,-1.731879274236
-0.047811280629,1.047313535679,-1.368417836978
0.013661009730,1.017093081298,-0.222048227695
-0.294525094073,1.768170414180,-0.794063722437
-0.081422513005,1.322910985006,0.220743746345
-0.010310850895,1.099824354542,-0.035248117816
0.173910776874,0.744812976479,1.072502625426
-0.986872696901,3.228301289381,-4.029330014150
-0.654741672430,2.566433261165,-2.122823157036
-0.166852751149,1.403698927347,-1.017803065464
-0.354271854350,1.817262745104,-1.720987337318
0.398235863020,0.322113103823,2.575571427150
-0.125171751216,1.155815466276,-2.198012086041
0.044750791441,0.656073666195,-2.607452882683
0.006238079689,1.014928294294,-0.392415670522
0.113544720302,0.918348800516,1.180322557171
-0.040426039875,0.893114315229,-2.487521799624
0.095860203096,1.013169892258,1.585421644495
-0.945753597144,3.230657735766,-3.058811678323
-0.533880661267,2.031377054410,-3.987486951089
-0.578450821869,2.337980608829,-2.382522387242
0.220592900792,0.626863038437,1.139298348048
-0.310914118076,1.640762686699,-2.260285298681
0.120680740768,1.102263077479,2.919079906787
-1.132801651919,3.653176915411,-3.686573483584
0.416233832501,0.210365908003,2.000143035257
0.134167387999,0.777613786893,0.451658099060
0.147787840025,0.730280333756,0.357604602297
-0.157532309287,1.516800103373,0.165888916823
0.119297170023,0.586100036800,-1.498001514109
0.050549345309,0.792466244882,-1.293574366320
0.170964482667,0.684261388098,0.515896514967
-0.593693179039,2.393738524057,-2.235545793601
-0.534607283059,2.163768914186,-2.873417433793
-0.835840630178,2.821851645537,-4.073996658852
-0.220607200742,1.554192952436,-0.954824260929
-0.338946499031,1.767284307217,-1.815022500473
-0.426254457667,1.957324577892,-2.168315895772
0.133867880700,0.328212683519,-3.364843132828
0.033179256665,1.110143571729,0.999281125133
0.099759781944,1.078733226361,2.278432758785
-0.411425918516,1.979333510212,-1.616157427493
-0.330612239727,1.749704736255,-1.757414289048
0.132493008921,0.948742151847,1.903991344164
-0.179830069995,1.238430641217,-2.709720160240
0.162864403329,0.724959810047,0.666536002365
-0.168291517318,1.702463656559,1.527466067827
0.192085977487,0.651265749086,0.708343022212
-0.187273380764,1.361323681505,-1.834996864853
-0.534440322130,2.190914948410,-2.630057053212
-0.344589225568,1.688259213244,-2.585618769032
0.221940152660,0.760099241223,2.281613221115
-0.017922218408,1.124105443407,-0.016434272709
-0.515487577729,2.139907562736,-2.640841749479
0.016214685525,1.310827676235,2.340546097012
-0.338149504649,1.511444291637,-3.994002085734
-0.205904856999,1.378163054010,-2.129250872238
-0.094851081077,1.027834798499,-2.565158238624
0.816152370546,-0.740512562159,2.980609300896
-0.028218848508,1.006572578003,-1.274347087740
-0.010169342956,0.869392585452,-2.033464284760
-0.132010290825,1.709963948840,2.396449447279
0.674479959748,-0.390757165287,2.744641811250
0.140640330658,0.757518528576,0.423142147796
-0.136805914794,1.349164778067,-0.801894058412
-0.663064877003,2.634973042647,-1.740280810889
-1.047150833768,3.336632754882,-4.470661725083
-0.933738057972,3.149567241862,-3.484660526956
-0.199385519582,1.285376543565,-2.737762344745
-0.389881215870,1.649397349952,-3.986870579453
-0.270200835400,1.682225023673,-0.961256763901
-0.178578757843,1.383048593220,-1.468301857744
0.188345727088,0.690231352018,0.941379560822
0.276302379288,0.655092371982,2.659376527351
-0.092312628848,1.298646679690,-0.213975179840
0.137017977471,0.567696324462,-1.248102090031
-0.258037282663,1.625910879785,-1.189976021784
-0.470700622930,1.958951030345,-3.151703558934
0.310118320338,0.458013025231,1.711576751198
-0.181885520160,1.543511640862,-0.178273230131
-0.484520832821,2.023833445854,-2.913698174580
-0.507044220995,1.703616697992,-6.151224303969
0.614731512702,-0.291724752881,2.224560478677
0.161438305148,0.946701754580,2.513630333665
-0.319105135105,1.724039069792,-1.710068648347
0.264016340259,0.578526572761,1.719671290975
0.327757597672,0.603348759444,3.375289645854
0.068615176344,0.824342227402,-0.599060310199
-0.315507257802,1.737238258995,-1.546918159033
0.597923323477,-0.217581766593,2.461798181477
-0.640215227318,2.378048420204,-3.408896987986
-0.125325238904,1.078511921844,-2.825120237053
-0.424205104924,1.826967639574,-3.223954873392
-0.612967613271,2.515729200199,-1.618638175787
-0.132354191571,1.328184223577,-0.894294788504
0.195204670729,0.621409884096,0.499426620267
0.059513743149,0.711570472062,-1.767020300531
0.010812110177,0.854256214481,-1.667866749501
-0.487230675424,2.175767923501,-1.691121472830
0.443663047514,0.169603913309,2.291341668341
-0.371694884155,1.662691140702,-3.444980781982
0.458176343040,0.128385378390,2.265689098040
-0.201030821315,1.563791645455,-0.403650793345
-0.332148842195,1.722431338757,-2.030016602870
0.130963917635,0.871471416498,1.185840885633
-0.462426515597,2.059386322630,-2.121460632197
0.133346205047,0.783102356015,0.490921099126
-0.169802469874,1.473312344380,-0.504806889554
0.165391544204,0.599726814036,-0.343109984457
-0.025509706927,1.084715734723,-0.530569731715
-0.119190678375,1.402061841215,0.079446172179
-0.907000473436,2.839513933259,-5.520342305724
0.440752435278,0.172972169319,2.267033144056
0.083593087175,0.214516987166,-5.486478411104
0.471050835066,0.101726116139,2.349239898314
0.010877459985,0.997055154251,-0.457508572014
0.339364549102,0.381205169673,1.755519203202
-0.748154942720,2.751414924080,-2.696973367413
0.005855784014,0.984863549653,-0.693330533372
0.136663667276,0.778729904336,0.545660347386
-0.149553576400,1.100255686572,-3.205107340404
-0.215627872189,1.554588122943,-0.824189361385
-0.271596037913,1.451316910688,-2.953866865580
-0.023034278897,1.082117516228,-0.509295020425
0.004748964035,1.053337970159,-0.135632030524
0.189777197614,0.641899025139,0.590925028364
0.081198026801,0.987266296245,1.038706051039
0.006095111102,1.203810614076,1.220834209508
-0.135909533988,1.322694537043,-0.998162219603
-1.341060301085,4.103697768968,-4.583924538690
0.055882728914,0.895477104613,-0.289877858654
0.122833863584,0.819001359337,0.579804609662
0.076029062394,0.827799316784,-0.408153931637
-0.126869028246,1.455411961538,0.323417122681
-0.024778046111,0.990591188802,-1.295651399457
-0.093296975899,1.192418881382,-1.125505054000
-0.434344648542,2.024190826927,-1.756085182692
-0.219292077714,1.496714698406,-1.402256181446
-0.619573040892,2.108001874906,-5.280328185065
-0.260253181795,1.642732320759,-1.078330409517
-0.141577328766,1.035139438881,-3.577881123691
0.611777844921,-0.189244269990,3.039431466358
-0.354903282600,1.557345312931,-3.951928599593
-0.122296233123,1.148248443144,-2.203231621560
-0.024550732680,1.311673583513,1.405219667225
-0.007708247105,0.966558470677,-1.118528394117
0.504997624839,-0.009501860455,2.127114107345
-0.127873954384,1.205875135524,-1.794013360271
-0.002055449956,1.187727377811,0.874016103831
0.712614319390,-0.461041712100,3.022025627260
-0.143580197182,1.416051075815,-0.401773190377
0.058724055569,0.930074134570,0.080852676225
-0.195332626411,1.472182445265,-1.087755890626
-0.301514984537,1.752307178860,-1.076149381100
0.091449843514,0.596906839325,-2.035183024168
-0.148905796909,1.239642727245,-2.015244748456
-0.023183932400,1.055752581568,-0.728871042205
-0.154957135011,1.295754180211,-1.669228778708
0.240284769698,0.566205244998,1.043223682838
-0.399582630113,1.852726216761,-2.451663532542
-0.201258196448,1.334752453275,-2.383438290084
-1.172576386544,3.742694603996,-3.829484490814
0.067785285346,1.268962508683,3.141789328174
-0.409262381268,1.920761077707,-2.088744688275
0.613064840609,-0.134246409907,3.538454521895
0.165810419897,0.693380309899,0.439702302291
-0.194965096478,1.229949463243,-3.149478069430
0.317806155630,0.526086611232,2.465995777428
0.010099618066,1.062487983342,0.104301078896
-0.109735862644,1.391967281929,0.203428337766
-0.102388998600,1.475512671586,1.073647236196
0.122678316036,0.606328751346,-1.260461576399
-0.343274244784,1.791404391896,-1.678514375069
0.170282800311,0.464361131949,-1.385492320159
-0.147453216314,0.788974683981,-5.798024950008
-0.919852746655,3.055225697358,-3.995556331874
-0.547067823611,2.217511569754,-2.679447410060
-0.380711449157,1.630207725047,-3.916484628755
-0.240115245781,1.641607766438,-0.628524330426
-0.018740914776,1.063324709695,-0.553896143164
0.158072680543,0.823309883754,1.389181840558
-0.229857125422,1.616484360310,-0.643222798084
-0.833546550686,2.726450937929,-4.803418115583
-0.316397773592,1.625058850662,-2.517871698056
-0.477013043346,2.072083503975,-2.345923374683
0.182670599428,0.912215659754,2.695204855264
-0.171604310228,1.302324163182,-2.002718217226
0.074811118415,0.899870528484,0.177781412095
-0.114335366508,1.449105011222,0.544829317773
0.000991824576,1.159986547360,0.729052706761
0.182934959102,0.682148152329,0.743756812225
0.135371734847,0.874635550210,1.308284793700
-0.103671578305,1.423616043643,0.607935510524
-0.077210327724,1.098126201517,-1.600043784441
0.128703928279,0.742899216631,0.024427051362
0.069594021619,0.939016099128,0.402263326673
-0.541708047974,2.105468594657,-3.492854260466
-0.425539758530,1.857131485564,-3.006272084821
0.029205119278,1.109635086619,0.901431100776
0.297168448097,0.499337621560,1.802096239223
-0.162132528441,1.674222944985,1.423762053370
0.185809136215,0.731154479265,1.224936363495
-1.136944429857,3.599710581409,-4.228092956915
0.120446461226,0.711759198000,-0.421603720837
0.002709754375,0.996429163220,-0.654123447194
-0.013405469111,0.843425688623,-2.304611759524
-0.086548192064,1.300851133750,-0.080704504193
-0.265611216876,1.459307966910,-2.797099700265
-0.061701238016,0.878440796003,-3.119396929831
-0.840139287546,2.662626429338,-5.496773835480
0.296807209280,0.466960905040,1.516098710536
0.112987464194,0.927609567678,1.281294003129
-0.635069873850,2.546502527070,-1.845318762546
0.104078965501,1.116009626034,2.673387004307
-0.250738137364,1.633923567299,-0.963491042855
-0.294475629944,1.625340279518,-1.995338592510
-0.596124717684,2.257901760614,-3.454531145025
0.668854296796,0.032861284837,6.237930092989
-0.938233596440,3.232354869156,-2.863370882153
-0.155151948683,1.366282653896,-1.084028493563
-0.734179571588,2.498251430773,-4.541909032886
-0.956447954680,3.166328978475,-3.842195174663
-0.255069278840,1.663035891364,-0.815249316254
0.579117675341,0.133033533231,5.037667457925
-0.330806384822,1.625351386352,-2.822575529029
-0.173545232766,1.470899497240,-0.592659423528
-0.121900626755,1.446235362231,0.355421074986
-0.469823586555,1.983303256059,-2.914759668401
0.479011952672,0.405691288586,5.113505816816
-1.411581808529,4.140264209351,-5.836103425715
0.213570469808,0.327654040307,-1.552666475716
-1.143430008343,3.659475940587,-3.864305635096
0.122670949382,0.351613813758,-3.439282966873
-0.661320085247,2.439660576493,-3.389058317483
0.011051238365,0.775932703830,-2.330649284296
0.128574742171,0.755042513808,0.144362839108
0.021289841651,1.143680397054,1.014344037010
0.132952087625,0.794402336825,0.591972608027
0.066597468012,0.741522525117,-1.379449311016
-0.336762887947,1.610321773280,-3.090846773853
0.122562559515,0.824897654853,0.600977085635
0.472548061336,0.128500673637,2.611569370636
-0.252259318829,1.688618998696,-0.495284923353
0.102030583939,0.877698223392,0.607686198773
-0.094069424952,1.328963006647,0.004709776370
-0.687653899499,2.693329348199,-1.810648526478
0.459721461196,0.062113812979,1.724879020321
-0.256844339563,1.522262759713,-2.020944358707
-0.170268138806,1.302504065376,-1.955144451594
-0.754647188367,2.633464220917,-3.849594015877
0.222124128954,0.609295775986,1.015621317781
-0.650818393808,2.577716440742,-1.945940686660
-0.697088461146,2.463097788756,-3.985502777617
0.168639125134,0.659891027529,0.263742523662
-0.168907480010,1.494667321169,-0.258165607934
0.072750882816,0.848198951058,-0.308757632215
-0.174284560178,1.412219268890,-1.123098579034
-0.740567069496,2.738782376368,-2.590618846668
-0.658865975647,2.250625418740,-4.915151099671
-0.706814136488,2.569065553227,-3.299503744201
-1.419240396585,4.288413024488,-4.746234776328
-0.561411443069,2.353431779309,-1.823573868516
-0.341506762131,1.822117477404,-1.377149418519
0.141286212517,0.909982527060,1.767960412330
-0.184423059251,1.413187877091,-1.351318122926
-1.122266160646,3.629669065027,-3.655482867681
0.101536601506,0.874108876673,0.526034793703
0.165315433147,0.829139038896,1.602108095965
-0.427361113291,1.874427053507,-2.893372917698
0.326260768500,0.405055750590,1.615025838285
0.109017343466,0.699931295364,-0.771443258948
-1.335029711745,4.000686739073,-5.307576235123
-0.828138029010,3.010933825769,-2.262466328086
-0.424292283031,1.922344044601,-2.415293652886
0.180526361393,0.422195973190,-1.502642060090
-0.077306823647,1.136684972011,-1.273945095914
-0.118410403155,1.451054582635,0.508200152545
-0.115887148612,1.768936125025,3.264266318146
0.134715635538,0.747290003580,0.242911111141
-0.142577042773,1.266050403498,-1.614941507615
-0.476027337587,2.199287664266,-1.213322010642
-0.722689844555,2.726630304905,-2.331480136275
-0.109919720774,1.089274071594,-2.397722432383
-0.438143647370,2.023437812163,-1.856424450080
-0.087217852608,1.299518265920,-0.094478810345
0.097820842930,0.922457976934,0.878575060473
-0.158644082882,1.333707936952,-1.402786416694
0.082109108880,0.714092015864,-1.234483580980
-0.103286791790,1.674931054953,2.742239614471
0.087682022618,0.786663374329,-0.516842082561
-0.102633509165,1.374645453367,0.200874735505
-0.086566063782,1.239738540859,-0.586636387986
0.272828417957,0.875376380291,4.449295468569
-0.189372378118,1.583558151496,0.012495123931
0.187677631573,0.744244346370,1.405698677623
-0.077924443583,1.099709770968,-1.574996667355
-0.700373644618,2.578585239978,-3.081389660039
-0.034284757866,1.171969598890,-0.002346305617
0.117136736332,0.887693152735,1.032166166503
-0.004106481525,1.129080031048,0.322037329269
0.096850259081,0.884533129409,0.532706145455
-0.015432204213,1.434451903346,2.665826841095
0.399578702338,0.237570318118,1.865865267138
0.005404394179,1.167708178633,0.894263103581
-0.047726097592,1.185613170164,-0.154924022191
-0.569137380734,2.057588598959,-4.530970422016
-0.564226957377,2.297611903229,-2.374346239987
0.120577013237,0.753608830559,-0.027889943649
-0.060533634595,1.045244611471,-1.676107328258
-0.356463076099,1.936645547704,-0.733016805726
0.146710449168,0.994242353895,2.595395007853
-0.120666464262,1.331790363968,-0.565943502842
-0.360965828863,1.737899693909,-2.539180350936
-0.112387108459,1.269287994576,-0.920188408921
-0.119233988314,1.344265320077,-0.452599753698
-0.578093799497,2.390963765441,-1.902292879002
-0.115087830480,1.325619804426,-0.492817516375
-0.396781704895,2.040673537070,-0.782599604817
0.424205629716,0.238201515859,2.418590785498
0.115460065884,0.835130759437,0.552637078168
-0.768432953296,2.538549328478,-4.964010335158
-0.031402437158,0.962789601351,-1.682485692245
0.080981987193,0.910584653523,0.387253784887
-0.111344440021,1.412855823421,0.347968479959
-0.556001970322,2.321609599995,-1.978033375950
-0.188568695026,1.491155017396,-0.772760120862
-0.433172926484,1.876768767378,-3.019407811849
0.183710948038,0.800713062076,1.775623685479
0.334412646126,0.530011499928,2.896660044953
0.153334626486,0.711258048472,0.309935235188
0.179572147607,0.787436641735,1.567475009363
0.076546246022,0.893679338649,0.164733816178
-0.164707013741,1.450732981535,-0.583446006693
-0.111427797549,0.926813799284,-3.844259036401
0.173161934347,0.731130470512,0.959733258017
-0.032515673289,1.152188450185,-0.133541537102
-0.544510681384,2.266764891198,-2.192595463427
0.345679044325,0.397518799307,2.027812556926
0.223246035118,0.654885575880,1.435015454474
-0.559481761399,2.393944398898,-1.438642181793
0.061893259340,1.044118736845,1.086799354132
-0.425807579335,2.028389972139,-1.539892932690
-0.165601144531,1.416174089463,-0.897865311844
0.013652977631,1.060428727007,0.136362707093
0.193562465490,0.008399398351,-4.737542219559
-0.723592755336,2.708065639461,-2.489208969732
-0.261310866806,1.518277741904,-2.181934118111
-0.713116979742,2.562029546944,-3.477442439657
-0.090289164878,1.651700880837,2.864573063060
0.057139483066,1.054124351325,1.097212542570
-0.139552403243,1.453144972865,0.010767850718
-0.208465119567,1.261551008555,-3.159621711402
-0.494491544113,2.056631514988,-2.875601813291
-0.305542491700,1.656300134398,-2.018108965158
0.055807844602,1.069047858660,1.158917062879
0.320009117525,0.457028652446,1.916267631584
0.757181809312,-0.430956372607,4.241883518900
-0.184901002787,1.558636857698,-0.075620012951
-1.261171861907,3.928357860786,-4.268647808877
-0.803602628089,2.796851173959,-3.529494165149
-0.030972888808,1.223708967540,0.536901806075
-1.368261809970,4.146166173333,-4.823719914186
0.001742779210,1.027653353774,-0.402672174778
-0.527141286927,2.228690192148,-2.141049195285
1.376411266074,-1.994397046661,4.938549378718
0.135016870973,0.478684604828,-2.049283927665
0.051434901296,1.115558229564,1.468690365293
0.188573186743,0.744934343115,1.427124327523
0.205382117842,0.826931514661,2.490357789579
0.094681157122,0.920306296073,0.771774475532
-0.567544393303,2.298475274976,-2.428360976886
-0.794399391154,2.726956730113,-3.942900055077
-0.046986249598,1.307481280460,0.904003430170
-0.719806801713,2.414116218317,-4.937347767023
-0.875487634032,3.042653389046,-3.064221537292
-0.183687857992,1.463780095404,-0.878972712412
-0.050325439592,1.199965823159,-0.098427220327
-0.656365513783,2.566950910795,-2.150649236918
0.271197939916,0.713695081964,3.012002295997
-0.059145560215,0.894509672028,-2.903240897807
-0.183562674003,1.437093882692,-1.082587028264
-0.666391140109,2.616262223556,-1.963603995303
-0.202746129269,1.507655632265,-0.949317104622
-0.006377296348,1.019251437909,-0.675088854858
-0.349032010035,1.854239047524,-1.269850557425
-0.084455635138,1.435453905216,1.127055345989
-0.047263568003,1.282204075143,0.648739713085
0.387244254964,0.321260682343,2.311010217230
0.035559478695,0.717298875619,-2.299243195398
0.165553583893,0.762442584830,1.044978271766
-0.067469607823,1.170149369415,-0.775049736314
-0.897530231834,2.987054615752,-4.029821510332
-0.670587366969,2.543832820897,-2.703488306580
0.603235471630,-0.196896587617,2.760075010054
0.179545250255,0.679095243234,0.633953126240
0.013550026171,1.072668000914,0.267633385733
-0.450685921877,2.095170679399,-1.523576029633
-0.183465520622,1.553592458752,-0.106730678452
-0.320998105509,1.746029042785,-1.603044117110
-0.439549615983,1.826721555883,-3.600238746467
0.060562515260,0.825219043028,-0.784956359100
0.006651681900,1.103465637398,0.374725868276
-0.082136918588,1.230024615985,-0.574757746517
-0.392448220793,1.920638386320,-1.712944686609
0.164971661438,0.694377784221,0.459744058850
0.100201806556,0.727246986258,-0.721204126832
-1.399645438714,4.139864138840,-5.592800534838
-0.084647448921,1.319701373355,0.127752548078
-0.387875557685,2.007098931266,-0.873651254540
0.657184676836,-0.355513239357,2.630420690156
0.332345753612,0.323270394581,1.068704741426
-0.449399288434,2.103926758583,-1.457271471449
0.168032474070,0.894685292065,2.237962511655
-0.339708896908,1.798122228507,-1.540055564137
0.157285268063,0.731554945529,0.588854011343
-0.414175562544,1.680416023181,-4.268601299693
-0.082566055090,1.104903476427,-1.652532754173
-0.416161729374,2.074287960256,-0.941141356779
1.345335602279,-1.947983838775,4.648110296232
0.092466973297,0.847631095571,0.095659742956
-0.028432786145,1.239445981143,0.745668169231
-0.292178162666,1.547399513525,-2.611748127272
-1.211226713328,3.736757209609,-4.762064300317
-0.341544857901,1.845315220086,-1.176914953308
-0.260413150659,1.729436437352,-0.367409846204
-0.111005585125,1.080112100956,-2.497884596546
-0.339457012880,1.788868497985,-1.650896734129
-1.580309200439,4.547295795164,-6.203728436857
0.474162249577,0.162244824708,2.925212434001
-0.077376382048,0.680857009908,-5.144149731226
-0.567321751469,2.365642621415,-1.866872976329
-0.295572148228,1.591905226643,-2.321794649138
0.015097583741,0.660446597237,-3.237137075518
-0.076426091802,1.323766537322,0.348944775057
0.344436053915,0.330707497059,1.413489551715
-0.774302401210,2.587876132642,-4.689682539383
0.041024297728,1.073176172806,0.869468732200
-0.019415870589,1.024408169813,-0.918839258871
-0.788948857401,2.801816183299,-3.156770182922
0.052801455231,0.745480228673,-1.634716349276
-0.314650798110,1.755621801333,-1.343708605336
-0.056200148741,1.412355841048,1.550949570049
0.020544086350,0.979833061673,-0.401554285783
-0.133386962836,1.284807872218,-1.270716362808
-0.278436402009,1.662183561044,-1.347886530555
0.121260963320,0.900385323994,1.242931794626
0.209436012748,0.693011668092,1.456464819898
0.196072303372,0.770953434114,1.811707947088
-0.008849258387,1.087269174423,-0.142495548165
-0.290885753254,1.437655169495,-3.538503596642
-0.033455093261,1.164113534778,-0.036040871363
0.071031430067,1.066890420580,1.505601725132
0.159437562139,0.719884829658,0.560010427373
0.160153369855,0.827151616000,1.470527531260
-0.344599164990,1.684505232483,-2.636682631876
-0.063047773998,1.400643816656,1.320920751228
-0.708141819043,2.650622301526,-2.616676549754
0.045993718284,0.888176232565,-0.608366691815
-0.008559018580,1.165852320271,0.564007445700
-0.079016519321,0.964576516423,-2.787386135025
0.312637052205,0.391895703164,1.220448508732
-0.273542909917,1.547838453208,-2.199945297052
-0.012284610508,1.017625039340,-0.784534664522
-0.579512102986,2.367205802815,-2.112211670445
0.122508643004,0.564838849156,-1.637208904779
0.150473674533,0.781100816052,0.879255695020
0.117756289856,0.939117777390,1.461274727971
0.068652869627,0.949117165237,0.427910792793
0.258565832092,0.558342802621,1.418825742202
-0.042485251102,0.776361560093,-3.545075721790
0.056166330582,0.251009901915,-5.784461876948
-0.832594387096,2.836602015601,-3.869846569869
0.160929369744,0.758522079208,0.887520396570
-0.059173663355,1.138598311728,-0.809787690237
0.160667244878,0.228586288442,-3.604449346576
-0.672256795714,2.669251658366,-1.654141542252
0.928271275364,-0.887483890634,4.268765687654
0.364695033575,0.451962095205,2.932518989609
-0.188167558250,1.580132329138,-0.001869151963
-0.348193035204,1.804279935372,-1.708135713370
0.388021529890,0.194500882942,1.216254825739
-0.087780385980,1.314792006228,0.039347921700
0.384289814064,0.295695300041,2.041746817585
0.065791964248,0.910521353559,0.070555503699
-0.447504170020,2.165310156890,-0.865048641034
-0.229131681679,1.485887505235,-1.697990352244
0.127151299004,1.031849566089,2.501543171351
-0.193060194600,1.527304415227,-0.557874973439
0.549537032426,-0.122387008124,2.212652480799
0.003174864773,1.184472097191,0.956269885523
-0.049053749163,1.152468306127,-0.496024384594
-0.590372155636,2.328470392262,-2.700262150288
-0.716004025820,2.585864572078,-3.366725479710
-1.001986979283,3.149624889278,-5.039305621900
0.215633540542,0.011883777576,-4.247797389480
0.106054463232,0.879844993496,0.699276553616
-1.042236962521,3.226070837485,-5.298919495484
-0.907228753132,3.115820666141,-3.193082473983
-0.529209876170,2.282823305132,-1.714920392379
-0.031779335108,1.140200036463,-0.187870683068
-0.339756917430,1.774329069221,-1.773594030080
0.081432357563,0.762956231833,-0.840431452621
-0.359260293468,1.719859029938,-2.665637873682
-1.017049325919,3.337082955981,-3.785450479451
0.239039850354,0.606579103690,1.384267912622
0.161260616341,0.707843901063,0.498671125492
-0.200676642498,1.591792963630,-0.193789614896
-0.067349085992,1.315375507370,0.512842814042
0.292831046950,0.542569270764,2.032322601106
-0.049209236536,1.170342830547,-0.319538450993
0.296967457358,0.527265047116,2.035851060821
-0.511473990651,2.219162903682,-1.840306358500
0.084423024363,0.936413021773,0.698650188482
0.032171635346,0.583952584567,-3.509057488672
-0.404844139064,2.022227857839,-1.103289862543
-0.078513124824,1.328788509874,0.353590843281
0.758189695683,-0.503347803553,3.663243109259
-0.129588247965,1.329778143675,-0.780779474943
-0.664223865038,2.332056985385,-4.377348503891
-0.067284011395,1.034690823348,-1.907123343660
-0.520328442385,2.206230099451,-2.188699770502
0.149148021019,0.788795482140,0.924823477085
-0.063774723663,0.891191013103,-3.029796481525
-0.006481642279,0.840277725842,-2.190800834851
0.385392578633,0.429161528102,3.162470021621
-1.034930024315,3.300584225310,-4.463769326797
-0.403598867628,1.971700449102,-1.525841260127
-0.864005677968,2.971230285647,-3.425284241213
-0.270984204749,1.588699148829,-1.792505895874
-0.769888784995,2.801361722321,-2.725627089115
-0.591614100479,2.430328768739,-1.880981622681
-0.116785816964,1.188040746364,-1.720301350844
-0.122992641263,1.342625345805,-0.516589756894
-0.167862882168,1.113890814078,-3.528455056383
0.165372089096,1.092105444914,3.848338911388
-0.141401033206,0.806974781087,-5.510882774373
-0.036817802593,1.133511745599,-0.370640418580
0.080483786196,1.037676556481,1.466370282624
0.196116850952,0.911624709588,3.035608363391
-0.083376068297,1.105363744643,-1.647725020077
0.195438349253,0.713313846977,1.302050925896
-0.596539943021,2.350356418854,-2.680638644302
0.399749685632,0.219975215438,1.738068925163
-0.043375845271,1.227476318542,0.297567286327
-0.285310280558,1.702172793112,-1.141491585791
-0.213920349945,1.641865845008,-0.056855810159
-0.171204255396,1.554858784427,0.203163419346
0.778862093391,-0.575797165750,3.517969344077
-1.047507292158,3.269614748031,-5.012935954066
-0.039925499985,1.164206050533,-0.194272465554
-0.063170287361,1.483914799651,2.002585446786
0.114944984727,1.068280975329,2.527541701636
-0.117493729934,1.248200298357,-1.202841949451
-0.161763017766,1.186201662892,-2.730986567271
-0.317471473866,1.713095348088,-1.772032414540
-0.035225628454,1.127813673328,-0.379483488786
-1.179902124225,3.721636388359,-4.201196396077
0.015982776006,1.214875419770,1.506101714034
-0.019795843453,1.267483408896,1.137563288816
-0.544188616480,2.333662260611,-1.634239344355
0.770804044648,-0.452945519844,4.370043094184
-0.548988291550,2.371629158005,-1.408458682292
0.054032713249,1.019945370699,0.706587044457
-0.187537602797,1.580306559486,0.052443261011
-0.315057442019,1.731037863838,-1.586960840193
-0.116799728248,1.226640299623,-1.409796369076
0.167140712360,0.703621339801,0.560564728166
0.120910323608,0.761715197775,0.015593628672
-0.148184077829,1.078850996131,-3.351176194595
-0.200925798973,1.479165482616,-1.151317926165
-0.133520707854,1.483137968504,0.431471020336
0.224817762505,0.725487364003,2.088320279944
-0.344697944000,1.698744438772,-2.539343867753
0.151269682365,0.623619779020,-0.459299835166
0.011608882613,1.130922272495,0.688308193722
-0.157259655729,1.461556860211,-0.288827916873
-0.688449859491,2.429496365236,-4.065636919793
-0.221643144037,1.587846633423,-0.684643263206
0.186198351967,0.610581762004,0.241846310282
-0.147225281416,1.468030274678,-0.009275957835
-0.661119421417,2.254091681208,-4.969084544375
0.034063261486,0.985833708230,-0.002325287412
0.047268088402,0.875391091133,-0.691934633818
-1.086572196316,3.463866205396,-4.248519477395
-0.480301639893,2.167565766896,-1.593389075622
-0.261991196005,1.737971241917,-0.328208071780
-0.608426866667,2.417458212429,-2.385421222245
1.250833028340,-1.700147598162,4.602391050769
0.155231303058,0.703753906107,0.288871172193
-0.245440681435,1.586596603729,-1.218364597675
-0.423911131199,2.022330223089,-1.551733642823
-0.350209781437,1.870281673794,-1.182769205717
-0.061627926807,1.218457430374,-0.200943771600
0.039714216411,1.082947229310,0.908555741870
0.076491515688,0.847710035985,-0.227083325258
-0.312148012943,1.726042414775,-1.544335667582
-0.237384100122,1.604061041720,-0.897883474645
0.346618279335,0.303858279867,1.213759324670
-0.088441483239,1.326134060546,0.119889975821
0.085794911253,1.050129170797,1.706156284908
-0.159126284043,1.217012573512,-2.427255742974
0.304411801502,0.651317395969,3.263961210584
0.320571484459,0.457974954439,1.947164986567
0.039795054916,1.059890674688,0.754171816123
0.017221302859,1.176625644456,1.203008639652
-0.882920873272,2.955145452159,-3.983852240689
-0.080088351686,1.220447283012,-0.594737422884
-0.020266780444,1.148388606329,0.113822173685
-0.486245245869,2.012696145970,-3.040412112300
-0.274211821047,1.785365774040,-0.175360015377
-0.112273243949,1.291018721451,-0.714205851245
-0.331405641587,1.745122130444,-1.804096658511
-0.404688928428,1.705343723525,-3.812422269651
-0.817275940475,2.711550575180,-4.568071811935
-1.125587388506,3.473614411839,-5.062960830676
0.024888287910,1.068995548242,0.483821681250
0.149024342780,0.836733026319,1.293889480328
0.376330929469,0.515564694609,3.713976335350
-0.298749906537,1.818184478212,-0.483783286747
0.232147688824,0.598702027702,1.170294631762
-0.423484821744,1.868395444284,-2.836812422476
-0.686656194432,2.569646987164,-2.811927781460
-0.392467575584,1.870724255619,-2.148165781947
-0.551408208579,2.092999713145,-3.847240686551
0.180836347074,0.708491009987,0.916229376771
-0.186550015425,1.467122169843,-0.923069848441
-0.182768674418,1.461395234661,-0.887952593619
-0.324626829568,1.733461435555,-1.759251958373
0.231093195772,0.914687644135,3.819478319764
0.264492207949,0.721650726224,2.947031970945
0.709528264760,-0.411954372396,3.323966452979
-0.913088677729,3.114164823935,-3.313580156484
0.033268279015,0.902516840191,-0.758397933800
0.945189236471,-0.982553892298,3.807698003821
-0.138186650750,0.712376504876,-6.278329549225
1.255803697519,-1.695501472717,4.748033017788
-0.264938558344,1.675236176793,-0.938531857747
0.126939811958,1.041574450088,2.572547548207
-0.225293871812,1.449794472632,-1.933595956355
-1.830769437982,5.199430539444,-6.305440095356
0.107256677761,0.628450037416,-1.395073378428
-0.367752620841,1.887147378387,-1.422064469642
-0.076903292810,0.872647767406,-3.500719943530
-0.249546677799,1.636632213416,-0.898473942356
-0.503054451803,2.229363640833,-1.586314442401
-0.485697218614,1.899478968140,-3.993403770572
0.087361669951,0.799202075854,-0.403525829505
-0.051190174983,1.111047510871,-0.880150110665
0.053077918830,0.962722984899,0.210671943485
0.164367090045,0.740800028666,0.849616141342
-0.052564961116,1.197302477365,-0.193422314077
0.375049576567,0.267455583041,1.559887220042
-0.238961753666,1.599454732728,-0.979029276341
-0.104217278263,1.393132306873,0.305769703064
0.604083355534,-0.121050626475,3.445387772051
-0.039031096902,1.272893169147,0.747614718929
-0.107306422989,1.290139558173,-0.650115592745
-0.158538286879,1.367021533722,-1.127566609949
-1.071636637435,3.496889707254,-3.656532003673
-0.141552311222,1.362843134823,-0.782839664007
0.027077434300,0.877444364646,-1.090478879207
-0.152666381735,1.276903036714,-1.772676191469
-0.629339612596,2.551867657673,-1.703794651060
0.542890305647,-0.013542781414,2.981870082104
0.031696063212,1.073432613184,0.670362897026
-0.690115449166,2.648951175408,-2.214874849531
0.050185228924,0.974252376680,0.255799591571
0.147678658499,0.965485147507,2.354085457011
0.725251398753,-0.483625040502,3.081405150442
-0.040593219905,1.081206009178,-0.917819993272
0.373072961598,0.318047362468,1.971524856685
0.280208505044,0.490869177250,1.349857347729
0.117897130067,0.134705784149,-5.404591945873
-0.118746543177,1.373097599497,-0.181101593462
0.014801240079,1.163610691328,1.074208976158
-0.009439331341,1.064070921260,-0.320560865673
-0.018332749170,0.978914861320,-1.247958866300
0.164120070277,0.741832599246,0.846241633270
-0.092868702684,0.984010090047,-2.901916820250
0.089210619044,0.968799953010,1.098110307586
0.064015816481,1.018314171660,0.948344611424
0.811281806433,-0.667640944014,3.494391114105
-0.303903567325,1.422004478454,-3.972699977724
-0.409285465032,2.028722472369,-1.173887696618
-0.018933447053,1.105927092196,-0.177539498570
0.102641034496,0.813503646551,0.035930849856
-0.041177773595,1.098186975019,-0.769920503053
-1.086092895164,3.473870103181,-4.156362213670
-1.986086280519,5.503414074939,-7.212774854024
-0.591226187897,2.284003820049,-3.102191853617
-0.187480876565,1.037983769727,-4.596231969765
0.223511124924,0.648660960382,1.403190043441
-0.447530721469,2.009932759391,-2.215379429680
-0.196040962110,1.361541160235,-2.027332796647
0.505838062054,0.051641643381,2.714024384537
-0.852638000141,2.912211620976,-3.665075945257
0.257328989292,0.772761969171,3.191509934517
0.331429920328,0.325452818389,1.066746099616
0.094795708842,0.847218817372,0.179052853585
-0.167858384873,1.417239584224,-0.897954657888
-0.375442738620,1.965682951052,-0.937363166246
0.164294280973,1.063635883939,3.595149863760
-0.221025784770,1.535007203342,-1.107388994763
-0.042938743436,1.151924728513,-0.356819789904
-0.299138442126,1.617551135998,-2.202070062637
-0.057798332050,1.010108856170,-1.876262738100
1.232285183321,-1.510179283433,5.812907418821
0.141889037952,0.966179675916,2.231693882046
-0.476962613470,2.176796067611,-1.456421148429
-0.225572693257,1.651174394275,-0.214736931220
0.051426878537,0.978305581364,0.290333322186
0.045911304158,0.551881340205,-3.480415256006
0.477932613252,0.064375787776,2.147435517157
-0.141367445264,1.129489143427,-2.769685155635
-0.193225600708,1.512572079999,-0.673218219848
-0.224843484030,1.452715217711,-1.882326654747
-0.722482896785,2.725582214172,-2.336943826107
-0.370344231448,1.834525282568,-1.949936050626
-1.008031586124,3.339075361579,-3.558390246957
0.001026902904,1.322871350767,2.087320088969
0.149871317220,0.710407460657,0.265326165048
-0.420327916994,1.776591652260,-3.588202402440
0.152955425449,0.807539856130,1.138286454903
0.070728620212,0.681701545421,-1.804541521350
-0.103566660796,1.280127068211,-0.643916216049
-0.233723159793,1.483786102807,-1.827012987703
0.703871012633,-0.435167412274,3.011779040325
-0.148202205000,1.462518218194,-0.106411225242
-0.323957266176,1.512304715413,-3.658292331326
0.085223896263,0.819003464911,-0.303226677416
-0.114911416740,1.497808867553,0.993756267226
-0.012417481013,1.207159559503,0.810313565347
-0.093069550091,0.913985828278,-3.543117953824
-0.286911033015,1.548468234272,-2.491492624434
-0.061104294435,1.158135774576,-0.689565318557
0.265173112211,0.486408738884,0.970998930995
0.297540575275,0.530068595226,2.051528287860
0.206862629151,0.732806614676,1.726799344906
